url,text,length
https://www.rt.com/usa/319799-homelessness-new-york--children/,HOMELESS PLEASE HELP THANK U,5
https://www.instagram.com/p/v4PVKbBokH/,DREAMING OF A BETTER LIFE ANYTHING HELPS THANKS TONY,9
https://www.instagram.com/p/ujyUTbuIhN/,"TODAY IS MY 21ST BIRTHDAY! PLEASE HELP MAKE IT A BETTER DAY PS SLEEPING BAG GOT STOLEN, PLEASE HELP ME GET A NEW ONE. VERY COLD!",26
https://www.instagram.com/p/Tkj-A_BFmP/,HOMELESS AND HUNGRY PLEASE HELP THANK YOU,7
https://www.instagram.com/p/rDfI8bC2WR/,UNEMPLOYED WEREWOLF PS. I AM NOT VEGAN,7
https://www.instagram.com/p/No8T8vSS3a/,HOMELESS BROKE AND HUNGRY ANYTHING HELPS GOD BLESS,8
https://www.instagram.com/p/lsWZuXkJ5I/,HOMELESS PLEASE HELP THANK YOU,5
https://www.instagram.com/p/IhO75KwxKa/,HOMELESS HUNGRY COLD AND BROKE,5
https://www.instagram.com/p/eewae8DriA/,HOMELESS BROKE HUNGRY NEED A MIRACLE,6
https://www.instagram.com/p/BHZ8_yRj7xp/,SO TIRED AND HUNGRY HOMELESS STRESSED LONELY PLEASE HELP ME ALL I NEED IS $20 FOR SAFE BED AT HOSTEL THE HOSTEL IS ONLY PLACE I'M NOT BULLIED OR SEXUALLY HARRASSED ,31
https://www.instagram.com/p/BHPtnabA6k7/,I GOT TIED UP NAKED IN JAIL. NOW I HOMELESS,10
https://www.instagram.com/p/BGBNxcrCDKE/,TRAVELING BROKE AND HUNGRY TRYING TO GET BUS TICKETS HOME ANYTHING HELPS,12
https://www.instagram.com/p/BG96SEKkHgt/,SPARE ANY CHANGE FOR ME AND MY POOCH??,8
https://www.instagram.com/p/BFWAMu3QBO7/,HOMELESS LOOKING FOR WORK NO FAMILY SORRY TO BEG PLEASE HELP,11
https://www.instagram.com/p/BFfyIaykzF8/,TOO UGLY TO PROSTITUTE ANYTHING HELPS THANK YOU!!,8
https://www.instagram.com/p/BEMJQ1IkHuB/,PLEASE SPARE FOOD THANK YOU GOD BLESS YOU,8
https://www.instagram.com/p/BE1UN5lkHre/,REPENT JUDGMENT IS COMING,4
https://www.instagram.com/p/BE-WjUoTKox/,I AM HOMELESS I SLEEP IN THE PARK PLEASE HELP ME GOD BLESS YOU,14
https://www.instagram.com/p/BDzu5xPIBoh/,SANDY VICTIM NO FAMILY NO PLACE TO GO LOST EVERYTHING BUT MY DOG ALL WEVE GOT IS EACH OTHER AND GOD! A PRAYER A SMILE AND A KIND WORD IS HELP TOO THANK YOU BE BLESSED!!!,36
https://www.instagram.com/p/BDJ-C3WoBP8/,HOMELESS SEEKING HUMAN KINDNESS AND COMPASSION ANYTHING IS A HUGE BLESSING,11
https://www.instagram.com/p/BD6CIXTruQs/,STRUGGLING COULD USE SOME HELP THANK YOU GOD BLESS,9
https://www.instagram.com/p/BBSZtaeMCb0/,PREGNANT AND HOMELESS PLEASE FIND IT IN YOUR HEART TO TO HELP ME WHAT IF I WAS YOUR DAUGHTER OR SISTER OR GRANDDAUGHTER,23
https://www.instagram.com/p/b4lNPHFuHH/,FUCK YOU! PAY ME!,4
https://www.instagram.com/p/9ZDh9lK0HB/,HOMELESS VET VET OF 2-TOURS-ARMY-FT BRONZ STAR MEDAL OF VALOR BATTLEFIELD ACTION STANDING GROUND FOR BORDER,16
https://www.instagram.com/p/9t50JtkHtu/,HOMELESS NEED A MIRACLE,4
https://www.instagram.com/p/9CldR-H9dv/,HOMELESS CAN YOU PLEASE HELP ME OUT WITH ANYTHING HAVE A BLESSED DAY IF YOU CAN THANK YOU,18
https://www.instagram.com/p/9B_P6-n9We/,COMBAT WOUND MARINE CORPS NEEDS $30 TO GET OFF THE STREET TONIGHT TO SHOWER IN A BED THANK YOU,19
https://www.instagram.com/p/8XZxAzIBlR/,PLEASE HELP THANK YOU,4
https://www.instagram.com/p/7Wz_rrpCWS/,PLEASE HELP IF YOU CAN,5
https://www.instagram.com/p/7EJh6WEHuU/,EVERYBODY NEEDS A LITTLE HELP SOMETIMES!!! PLEASE ANYTHING HELPS!!!,9
https://www.instagram.com/p/7efiIjvnyY/,HOMELESS AND IN NEED OF HELP LOST EVERYTHING,8
https://www.instagram.com/p/6X-xGAnuDI/,NEED MONEY FOR KIDNEY,4
https://www.instagram.com/p/5LWJB9EHkC/,PLEASE HELP STRUGGLING BROKE HUNGRY HOMELESS ANY HELP IS GREATLY APPRECIATED GOD BLESS TO YOU AND YOURS THANK YOU,19
https://www.instagram.com/p/5LV2WjkHji/,JUST GOT A JOB START AS SOON AS I GET WORKBOOTS! $38.50 GOD BLESS JEANS $30.00,16
https://www.instagram.com/p/5Fxv7HkHjR/,HOMELESS VERY HUNGRY AND THIRSTY PLEASE ANYTHING HELPS,8
https://www.instagram.com/p/4Wlg5KnuNr/,HOMELESS HUNGRY. I HAVE NOTHING. PLEASE HELP GOD BLESS,9
https://www.instagram.com/p/4SOVtqHuPb/,HOMELESS PLEASE HELP GOD BLESS,5
https://www.instagram.com/p/4QbCGUHuKl/,"I AM BROKE BUT WITH HOPE ANYTHING HELPS, EVERYTHINGS APPRECIATED 7 DAY UNLIMITED GREATLY NEEDED THANKS THANK YOU",18
https://www.instagram.com/p/4hJhFav0ZL/,28 BIRTHDAY!! PLEASE HELP MAKE 2DAY SPECIAL FOR ME BY SHARING A BIT OF KINDNESS LOVE  TRYING TO GET BACK ON MY FEET EVERYTHING APPRECIATED THANK YOU GOD BLESS ANYTHING,30
https://www.instagram.com/p/4hJ36pP0Z-/,ARMY VET AND WIFE HOMELESS AND HUNGRY ANYTHING HELPS THANK YOU GOD BLESS,13
https://www.instagram.com/p/4-QzBdHuGX/,THE SMALLEST OF GESTURES CAN MAKE THE BIGGEST DIFFERENCES IN SOMEONES DAY GOD BLESS!,14
https://www.instagram.com/p/4-La9LkHps/,PLEASE HAVE A HEART ANYTHING HELPS MORE THAN YOU KNOW! GOD BLESS,12
https://www.instagram.com/p/2WlGoGmBtk/,HOMELESS NEED A MIRACLE,4
https://www.instagram.com/p/_VSAuXHqIA/,HEY I'M JOE I'VE BEEN ON 2 INTERVIEWS TODAY YES I WORK I JUST DON'T MAKE ENOUGH MY MOM'S NURSING HOME: $450 MONTH RENT: $1000 A MONTH HAPPY HOLIDAY,29
https://www.instagram.com/p/_F4GPtFOY8/,"SIXTEEN, HOMELESS AND PREGNANT",4
https://www.google.com/imgres?imgurl=https%3A%2F%2Fupload.wikimedia.org%2Fwikipedia%2Fcommons%2F8%2F89%2FHelping_the_homeless.jpg&imgrefurl=https%3A%2F%2Fen.wikipedia.org%2Fwiki%2FHomelessness&docid=pSf-B9SFxwxJqM&tbnid=HfEAYO9bnfJuOM%3A&w=3285&h=2182&bih=805&biw=1436&ved=0ahUKEwiVl5fowKnOAhWEcRQKHW3-Ckc4rAIQMwg4KDYwNg&iact=mrc&uact=8,HOMELESS PLEASE HELP THANK YOU,5
https://www.google.com/imgres?imgurl=https%3A%2F%2Fsocialistworker.org%2Fsites%2Fdefault%2Ffiles%2Fimagecache%2F330%2Fimages%2F3313566370_26e702c601_b.sm_.jpg&imgrefurl=https%3A%2F%2Fsocialistworker.org%2F2016%2F02%2F09%2Fa-false-debate-on-homelessness&docid=R8sGEq13Z02K4M&tbnid=88U8NLe9xbS8-M%3A&w=330&h=220&bih=805&biw=1436&ved=0ahUKEwjzic6rwanOAhWEaxQKHVAhBO442AQQMwgZKBcwFw&iact=mrc&uact=8,HOMELESS PLEASE HELP THANK YOU VERY MUCH,7
https://www.google.com/imgres?imgurl=https%3A%2F%2Fscottystarnes.files.wordpress.com%2F2010%2F08%2Flike-obama.jpg&imgrefurl=https%3A%2F%2Fscottystarnes.wordpress.com%2F2010%2F08%2F31%2Fmore-bad-news-for-that-summer-of-recovery-homelessness-up-50-in-new-york-city%2F&docid=wsi0tc1I-BNCJM&tbnid=X2ewhdHdq_6UwM%3A&w=600&h=409&bih=805&biw=1436&ved=0ahUKEwisg9vVwKnOAhXHvhQKHSo6BP84yAEQMwgyKDAwMA&iact=mrc&uact=8,I'M LIKE OBAMA I WANT CHANGE,6
https://www.google.com/imgres?imgurl=https%3A%2F%2Fnonprofitquarterly.org%2Fwp-content%2Fblogs.dir%2F56%2Ffiles%2F2016%2F01%2FHomeless-sign.jpg&imgrefurl=https%3A%2F%2Fnonprofitquarterly.org%2F2016%2F01%2F04%2Fny-gov-orders-homeless-people-forcibly-removed-when-weather-turns-cold%2F&docid=p-8bmlLDEo79OM&tbnid=YQt11C-ohpO85M%3A&w=800&h=533&bih=805&biw=1436&ved=0ahUKEwj6v4eIwanOAhUEPxQKHaJUAjg4kAMQMwgrKCkwKQ&iact=mrc&uact=8,"HOMELESS. TRYING TO NOT LOSE HOPE. MISS MY FAMILY GETTING COLD. WET, HUNGRY. VERY LONELY WILL AND WANT TO WORK. PLEASE ANYTHING MAKES A DIFFERENCE  GOD BLESS TO ALL",29
https://www.google.com/imgres?imgurl=https%3A%2F%2Fnextgennewsla.files.wordpress.com%2F2013%2F07%2Fhomeless-man-with-dog.jpg&imgrefurl=https%3A%2F%2Fnextgennewsla.wordpress.com%2F2013%2F07%2F25%2Fthe-never-ending-story%2F&docid=_egOoGribhj2sM&tbnid=ITCqr0yURo2AhM%3A&w=400&h=320&bih=805&biw=1436&ved=0ahUKEwijloSxwKnOAhXHNxQKHYosDB84ZBAzCCsoKTAp&iact=mrc&uact=8,HUNGRY BROKE AND TRAVELING,4
https://www.google.com/imgres?imgurl=https%3A%2F%2Fi.ytimg.com%2Fvi%2FGicm5yHp68A%2Fhqdefault.jpg&imgrefurl=https%3A%2F%2Fwww.youtube.com%2Fwatch%3Fv%3DGicm5yHp68A&docid=CGtsiYprlIR7DM&tbnid=wK-41V5d7pbJsM%3A&w=480&h=360&bih=805&biw=1436&ved=0ahUKEwillvKVwanOAhXKbhQKHSrQD_w49AMQMwgOKAwwDA&iact=mrc&uact=8,WHY LIE? I NEED A BEER!,6
https://www.google.com/imgres?imgurl=https%3A%2F%2Fearthdesk.blogs.pace.edu%2Ffiles%2F2015%2F10%2FHomeless-dog2_700.jpeg&imgrefurl=https%3A%2F%2Fearthdesk.blogs.pace.edu%2F2015%2F10%2F28%2Fthe-homeless-and-their-pets-mutual-dependence-for-survival%2F&docid=eV-3UH6FFBqlkM&tbnid=L17Ydjv3894-AM%3A&w=700&h=632&bih=805&biw=1436&ved=0ahUKEwj6v4eIwanOAhUEPxQKHaJUAjg4kAMQMwhhKF8wXw&iact=mrc&uact=8,I WOULD RATHER BE HOMELESS AND BEG FOR CHANGE THEN BE A COP. MY DOG COMES FIRST! ANYTHING HELPS!,19
https://www.google.com/imgres?imgurl=http%3A%2F%2Fwww3.pictures.zimbio.com%2Fgi%2FNew%2BYork%2BCity%2BHomeless%2BPopulation%2BShows%2BSharp%2BTXys_dHglF1l.jpg&imgrefurl=http%3A%2F%2Fwww.zimbio.com%2Fpictures%2FTq1eviZ64Na%2FNYC%2BHomeless%2BPopulation%2BIncreasing%2FTXys_dHglF1&docid=PrbrbSaUWteomM&tbnid=T4isvh0b4cUe6M%3A&w=594&h=396&bih=805&biw=1436&ved=0ahUKEwj3saW4wanOAhXHUBQKHeFABts4vAUQMwgIKAYwBg&iact=mrc&uact=8,HOMELESS PLEASE CAN YOU HELP! I HAVE: NO MONEY NO PLACE TO SLEEP NO CLOTHES ANYTHING WILL HELP,18
https://www.google.com/imgres?imgurl=http%3A%2F%2Fwww2.pictures.zimbio.com%2Fgi%2FNew%2BYork%2BCity%2BHomelessness%2BRate%2BTime%2BHigh%2Bm5k2Rp30Ju9l.jpg&imgrefurl=http%3A%2F%2Fwww.zimbio.com%2Fpictures%2FF29afWm6d6-%2FNew%2BYork%2BCity%2BHomelessness%2BRate%2BTime%2BHigh%2Fm5k2Rp30Ju9&docid=QG00Y1_wM5YZaM&tbnid=AbLYNVKwOfCzxM%3A&w=594&h=396&bih=805&biw=1436&ved=0ahUKEwiVl5fowKnOAhWEcRQKHW3-Ckc4rAIQMwgDKAEwAQ&iact=mrc&uact=8,"HELP HOMELESS NO FOOD FOR 3 DAY, 8 WEEK PREG STRANDED ANY $ OR CENTS WILL HELP GOD BLESS AND SHALOM",21
https://www.google.com/imgres?imgurl=http%3A%2F%2Fwww.womenofgrace.com%2Fblog%2Fwp-content%2Fuploads%2F2012%2F09%2Fhomeless-child.jpg&imgrefurl=http%3A%2F%2Fwww.womenofgrace.com%2Fblog%2F%3Fp%3D16318&docid=La4dMPheZ7OucM&tbnid=Jj_U1nbmi_gO9M%3A&w=415&h=412&bih=805&biw=1436&ved=0ahUKEwillvKVwanOAhXKbhQKHSrQD_w49AMQMwg2KDQwNA&iact=mrc&uact=8,HOMELESS AND HUNGRY PLEASE HELP,5
https://www.google.com/imgres?imgurl=http%3A%2F%2Fwww.wfuv.org%2Fsites%2Fdefault%2Ffiles%2F5061903009_3818860161_o%2520(1).jpg&imgrefurl=http%3A%2F%2Fwww.wfuv.org%2Fcontent%2Fcityscape-homelessness-nyc&docid=DPOVKLL5vP6W3M&tbnid=70ppFyZUI9WC3M%3A&w=1800&h=1218&bih=805&biw=1436&ved=0ahUKEwiflZLZwanOAhUERhQKHTnrAU84ZBAzCDIoMDAw&iact=mrc&uact=8,HOMELESS BROKE AND HUNGRY,4
https://www.google.com/imgres?imgurl=http%3A%2F%2Fwww.usedyorkcity.com%2Fwp-content%2Fuploads%2F2016%2F01%2Fimg_2393.jpg&imgrefurl=http%3A%2F%2Fwww.usedyorkcity.com%2F2016%2F01%2F22%2Ffree-one-way-plane-tickets-for-nycs-homeless-blessing-or-curse%2F&docid=Q0kP7-9Dg5ghfM&tbnid=d65bYGDJqA_lCM%3A&w=4752&h=3168&bih=805&biw=1436&ved=0ahUKEwjD67DHwanOAhXFchQKHadCDSsQMwgoKAwwDA&iact=mrc&uact=8,"STRANDED FROM WISCONSIN HUNGRY, BROKE, COLD ANY HELP IS APPRECIATED! GOD BLESS",12
https://www.google.com/imgres?imgurl=http%3A%2F%2Fwww.sdcitytimes.com%2Fwp-content%2Fuploads%2F2014%2F05%2FHomeless007-900x707.jpg&imgrefurl=http%3A%2F%2Fwww.sdcitytimes.com%2Flegend%2F2014%2F05%2F14%2Fswept-under-the-rug-solving-san-diegos-homeless-issue-isnt-as-easy-as-it-seems%2F&docid=hzsLi61xCwQrxM&tbnid=K9ePeTgrpFk53M%3A&w=900&h=707&bih=805&biw=1436&ved=0ahUKEwiVl5fowKnOAhWEcRQKHW3-Ckc4rAIQMwgtKCswKw&iact=mrc&uact=8,HOMELESS ANYTHING HELPS GOD BLESS US ALL,7
https://www.google.com/imgres?imgurl=http%3A%2F%2Fwww.rawstory.com%2Fwp-content%2Fuploads%2F2016%2F01%2F2016-01-04T004200Z_1_LYNXMPEC0300J_RTROPTP_3_USA-ODDLY-800x430.jpg&imgrefurl=http%3A%2F%2Fwww.rawstory.com%2F2016%2F01%2Fnew-york-governor-orders-homeless-off-streets-in-freezing-weather%2F&docid=HpZ1TEmz3378FM&tbnid=HzXzmfTuh4ueyM%3A&w=800&h=430&bih=805&biw=1436&ved=0ahUKEwisg9vVwKnOAhXHvhQKHSo6BP84yAEQMwgWKBQwFA&iact=mrc&uact=8,HOMELESS HUNGRY PLEASE HELP,4
https://www.google.com/imgres?imgurl=http%3A%2F%2Fwww.no2homeless.com%2Fwp-content%2Fuploads%2F2016%2F01%2Fwinter_homeless_blizzard.jpg&imgrefurl=http%3A%2F%2Fwww.no2homeless.com%2F5-ways-to-help-homeless-after-new-york-blizzard%2F&docid=65OKjQkusIHZsM&tbnid=po8MEUyBUq-1sM%3A&w=955&h=500&bih=805&biw=1436&ved=0ahUKEwiVl5fowKnOAhWEcRQKHW3-Ckc4rAIQMwg6KDgwOA&iact=mrc&uact=8,I AM A MEAT POPSICLE! JUST TRYING RAISE A FEW DOLLARS ANYTHING HELPS AND APPRECIATED,15
https://www.google.com/imgres?imgurl=http%3A%2F%2Fwww.newyorksocialdiary.com%2Fi%2Fpartypictures%2F09_16_11%2FIMG_5255.jpg&imgrefurl=http%3A%2F%2Fwww.newyorksocialdiary.com%2Fsocial-diary%2F2011%2Fthe-sun-sets-after-an-active-new-york-week&docid=MW1Z52XZalJmAM&tbnid=rlgGPuYyN_x4qM%3A&w=555&h=416&bih=805&biw=1436&ved=0ahUKEwjH98WlwqnOAhVBvBQKHQZAAX442AQQMwgOKAswCw&iact=mrc&uact=8#h=416&w=555,BROKEN HOMELESS AND IN NEED! PLEASE? TRAVELING WEST!,8
https://www.google.com/imgres?imgurl=http%3A%2F%2Fwww.neontommy.com%2Fsites%2Fdefault%2Ffiles%2Fusers%2Fuser1031%2FDSC_0021.JPG&imgrefurl=http%3A%2F%2Fwww.neontommy.com%2Fnews%2F2013%2F12%2Fholiday-season-hits-new-york-homeless-population-hard&docid=-UAmoTiHj8JppM&tbnid=k1njqOQ7oTM0-M%3A&w=350&h=232&bih=805&biw=1436&ved=0ahUKEwijloSxwKnOAhXHNxQKHYosDB84ZBAzCDYoNDA0&iact=mrc&uact=8,HOMELESS PLEASE HELP HAPPY HOLIDAYS GOD BLESS,7
https://www.google.com/imgres?imgurl=http%3A%2F%2Fwww.featureshoot.com%2Fwp-content%2Fuploads%2F2014%2F05%2FSleeze_1.jpg&imgrefurl=http%3A%2F%2Fwww.featureshoot.com%2F2014%2F05%2Fandres-serrano%2F&docid=90oRARGkw3c1mM&tbnid=5lNECmOeolRikM%3A&w=620&h=768&bih=805&biw=1436&ved=0ahUKEwillvKVwanOAhXKbhQKHSrQD_w49AMQMwgEKAIwAg&iact=mrc&uact=8,"HOMELESS COLD, BROKE AND MISERABLE ANYTHING HELPS GOD BLESS AND HAPPY NEW YEAR",13
https://www.google.com/imgres?imgurl=http%3A%2F%2Fwww.digitaljournal.com%2Fimg%2F8%2F7%2F3%2Fi%2F4%2F3%2F7%2Fo%2FHomeless-Hungry-NewYork.jpg&imgrefurl=http%3A%2F%2Fwww.digitaljournal.com%2Flife%2Fpersonal%2Bfinance%2Falmost-300-of-nyc-s-municipal-employees-are-homeless%2Farticle%2F444574&docid=YBTHPPdL_UusKM&tbnid=LvzLK7TcelwqVM%3A&w=700&h=404&bih=805&biw=1436&ved=0ahUKEwjD67DHwanOAhXFchQKHadCDSsQMwheKDowOg&iact=mrc&uact=8,HOMELESS AND HUNGRY PLEASE HELP GOD BLESS!,7
https://www.google.com/imgres?imgurl=http%3A%2F%2Fveteransalliance.com%2Fwp-content%2Fuploads%2F2015%2F04%2Fhomeless-vet-resize.jpg&imgrefurl=http%3A%2F%2Fveteransalliance.com%2Fnews-round-up-new-york-city-tackles-veteran-homelessness-few-people-lost-job-in-v-a-scandal-tech-industry-commits-to-hiring-90000-vets%2F&docid=IScu9S2IhNOniM&tbnid=KNPzPAJUYPe4TM%3A&w=864&h=572&bih=805&biw=1436&ved=0ahUKEwisg9vVwKnOAhXHvhQKHSo6BP84yAEQMwg1KDMwMw&iact=mrc&uact=8,HOMELESS VETERAN ANYTHING HELPS,4
https://www.google.com/imgres?imgurl=http%3A%2F%2Fthemidtowngazette.com%2Fwp-content%2Fuploads%2F2015%2F09%2FHomeless2.jpg&imgrefurl=http%3A%2F%2Fthemidtowngazette.com%2F2015%2F09%2Fnyc-first-lady-promotes-peer-counseling-for-the-homeless%2F&docid=NFeQq3JXbrO5GM&tbnid=W5wsVDwW0MaaGM%3A&w=559&h=442&bih=805&biw=1436&ved=0ahUKEwjD67DHwanOAhXFchQKHadCDSsQMwhAKBwwHA&iact=mrc&uact=8,WHERES MY HOUSE,3
https://www.google.com/imgres?imgurl=http%3A%2F%2Fthebronxchronicle.com%2Fwp-content%2Fuploads%2F2014%2F11%2Fhomeless-in-winter-in-nyc.jpg&imgrefurl=http%3A%2F%2Fthebronxchronicle.com%2F2014%2F11%2F19%2Fhomeless-new-york-city-place-live%2F&docid=2IFXzKGQR7RoaM&tbnid=8p583mCpQwys5M%3A&w=500&h=353&bih=805&biw=1436&ved=0ahUKEwjD67DHwanOAhXFchQKHadCDSsQMwhIKCQwJA&iact=mrc&uact=8,ANYTHING HELPS HAPPY NEW YEARS GOD BLESS,7
https://www.google.com/imgres?imgurl=http%3A%2F%2Fstatic.lakana.com%2Fmedia.fox5ny.com%2Fphoto%2F2015%2F08%2F31%2FHomelessness_plan_0_141740_ver1.0.jpg&imgrefurl=http%3A%2F%2Fwww.fox5ny.com%2Fnews%2F14557045-story&docid=KRQHG8KOXNWxVM&tbnid=pxsyDkzxofh5HM%3A&w=1280&h=720&bih=805&biw=1436&ved=0ahUKEwjD67DHwanOAhXFchQKHadCDSsQMwiAAShcMFw&iact=mrc&uact=8,HOMELESS VERY DEPERESSED NO FAMILY ALL ALONE GOD BLESS,9
https://www.google.com/imgres?imgurl=http%3A%2F%2Fstatic.fjcdn.com%2Fpictures%2FDrunk_73fbb2_280402.jpg&imgrefurl=http%3A%2F%2Fwww.funnyjunk.com%2Ffunny_pictures%2F188993%2FDrunk%2F&docid=5H0wjK6MdZIO7M&tbnid=loEOvVwF3fcYzM%3A&w=451&h=586&bih=805&biw=1436&ved=0ahUKEwjlpNWcwqnOAhVNsBQKHc_ZDZ049AMQMwhKKEgwSA&iact=mrc&uact=8,NEED MONEY TO GET DRUNK SO THAT 2 WOMEN CAN TAKE ME HOME AND MOLEST ME! DONATIONS ACCEPTED,18
https://www.google.com/imgres?imgurl=http%3A%2F%2Fsovereignny.org%2Fwp-content%2Fuploads%2F2015%2F11%2FBW_08-Copy.jpg&imgrefurl=http%3A%2F%2Fsovereignny.org%2F2015%2F11%2F23%2Fmayor-de-blasio-blasted-on-homelessness-but-what-about-americas-military-veterans%2F&docid=H0zEZr1UdIgT9M&tbnid=yqYWjm_fmJAqZM%3A&w=1024&h=1280&bih=805&biw=1436&ved=0ahUKEwiVl5fowKnOAhWEcRQKHW3-Ckc4rAIQMwg3KDUwNQ&iact=mrc&uact=8,"HOMELESS VIETNAM VET AIR-CAV IF ABLE, PLEASE LEND A HAND. BRING OUR PEOPLE HOME (A.S.A.P) (WAR'S HELL.) COME JESUS, COME. MICHAEL MURPHY DISCHARGED 1972 (MEDICALLY) MOS BRAVO DOOT GUNNER SLICK'S/HUEY'S",30
https://www.google.com/imgres?imgurl=http%3A%2F%2Fmedia1.fdncms.com%2Fboiseweekly%2Fimager%2Fu%2Foriginal%2F3809557%2Fnews1_homelesssign.jpg&imgrefurl=http%3A%2F%2Fwww.boiseweekly.com%2Fboise%2Fnew-york-times-feds-to-steer-assistance-away-from-cities-that-criminalize-homelessness%2FContent%3Foid%3D3809553&docid=N7OHV_XCJoZioM&tbnid=s7R5pLuE6BKYhM%3A&w=600&h=347&bih=805&biw=1436&ved=0ahUKEwillvKVwanOAhXKbhQKHSrQD_w49AMQMwgNKAswCw&iact=mrc&uact=8,LET'S TRY SOMETHING DIFFERENT,4
https://www.google.com/imgres?imgurl=http%3A%2F%2Fmedia.nbcnewyork.com%2Fimages%2F652*489%2Fhomeless%2Bman%2Bsnapshot.jpg&imgrefurl=http%3A%2F%2Fwww.nbcnewyork.com%2Fnews%2Flocal%2FHomeless-Man-I-Had-an-Affair-With-Tiger-Woods-79049512.html&docid=eIqcoo6j4G6L5M&tbnid=39sutlSbtZQRYM%3A&w=652&h=489&bih=805&biw=1436&ved=0ahUKEwj6v4eIwanOAhUEPxQKHaJUAjg4kAMQMwgNKAswCw&iact=mrc&uact=8,I HAD AN AFFAIR WITH TIGER WOODS NOW LOOK WHERE I'M AT,12
https://www.google.com/imgres?imgurl=http%3A%2F%2Flibertyblitzkrieg.com%2Fwp-content%2Fuploads%2F2015%2F02%2FScreen-Shot-2015-02-02-at-11.20.14-AM-300x221.jpg&imgrefurl=http%3A%2F%2Flibertyblitzkrieg.com%2F2015%2F02%2F02%2Fthe-face-of-the-oligarch-recovery-luxury-skyscrapers-stay-empty-as-nyc-homeless-population-hits-record-high%2F&docid=hs4zVyUcirkbPM&tbnid=3fGOnm5IgF-8eM%3A&w=300&h=221&bih=805&biw=1436&ved=0ahUKEwijloSxwKnOAhXHNxQKHYosDB84ZBAzCEwoSjBK&iact=mrc&uact=8,I USED TO BE YOUR NEIGHBOR,6
https://www.google.com/imgres?imgurl=http%3A%2F%2Fimjustacop.com%2Fwp-content%2Fuploads%2F2015%2F11%2FhomelessNYC.jpg&imgrefurl=http%3A%2F%2Fimjustacop.com%2Fopinion%2Fcommissioner-bratton-on-homeless-stop-giving-them-money%2F&docid=uFsYuFROU6emCM&tbnid=QsNoo4N2gpYqgM%3A&w=450&h=303&bih=805&biw=1436&ved=0ahUKEwjD67DHwanOAhXFchQKHadCDSsQMwg6KBYwFg&iact=mrc&uact=8,HOMELESS AND HUNGRY PLEASE HELP THANK YOU,7
https://www.google.com/imgres?imgurl=http%3A%2F%2Fi0.wp.com%2Fimg17.imageshack.us%2Fimg17%2F2083%2Ffore1.jpg%3Fresize%3D350%252C200&imgrefurl=http%3A%2F%2Fwakeupfromyourslumber.com%2Fnine-new-york-doctors-are-accused-of-defrauding-medicaid-using-homeless-people%2F&docid=jQKMHcar2_AdRM&tbnid=6J37F9z79VA7IM%3A&w=350&h=200&bih=805&biw=1436&ved=0ahUKEwj6v4eIwanOAhUEPxQKHaJUAjg4kAMQMwgsKCowKg&iact=mrc&uact=8,3RD PARTY SQUATTER I LOSE MY HOME AND I WAS NEVER SERVED!!!,12
https://www.google.com/imgres?imgurl=http%3A%2F%2Fi.imgur.com%2F2rNesKv.jpg&imgrefurl=http%3A%2F%2Fwww.abovetopsecret.com%2Fforum%2Fthread960533%2Fpg1&docid=Enm9_hbsihwydM&tbnid=baTGBFS_ScC33M%3A&w=512&h=342&bih=805&biw=1436&ved=0ahUKEwjzhfb8wanOAhVIWxQKHWUpByY4rAIQMwhMKEowSg&iact=mrc&uact=8,HOMELESS AND HUNGRY WILL ACCEPT DONATION OUT OF WORK PWA FOR FOOD SHELTER,13
https://www.google.com/imgres?imgurl=http%3A%2F%2Fi.huffpost.com%2Fgen%2F2867294%2Fimages%2Fo-HOMELESS-VETERAN-NEW-YORK-CITY-facebook.jpg&imgrefurl=http%3A%2F%2Fwww.huffingtonpost.com%2F2015%2F04%2F23%2Fnew-york-city-veteran-hom_n_7120112.html&docid=RhW51YFVBuN5dM&tbnid=_2MwtWs4h38ikM%3A&w=2000&h=1000&bih=805&biw=1436&ved=0ahUKEwjD67DHwanOAhXFchQKHadCDSsQMwhsKEgwSA&iact=mrc&uact=8,CAN YOU PLEASE HELP A WAR VET THANK YOU!,9
https://www.google.com/imgres?imgurl=http%3A%2F%2Fi.dailymail.co.uk%2Fi%2Fpix%2F2015%2F09%2F03%2F21%2F2AC2465000000578-3218600-image-a-27_1441310638642.jpg&imgrefurl=http%3A%2F%2Fwww.dailymail.co.uk%2Fnews%2Farticle-3218600%2FFour-thousand-sleeping-streets-New-York-homeless-crisis-caused-beggars-making-75-day-cheap-drugs-end-tough-policing-cleaned-city.html&docid=V6Rzd6v15Ppq3M&tbnid=lmc9U9N4ZjIffM%3A&w=962&h=642&bih=805&biw=1436&ved=0ahUKEwjD67DHwanOAhXFchQKHadCDSsQMwhTKC8wLw&iact=mrc&uact=8,HOMELESS BUT HOPEFUL DOG COMES FIRST ALWAYS! EVERYTHING HELPS!,9
https://www.google.com/imgres?imgurl=http%3A%2F%2Fgurugilbert.com%2Fwp-content%2FHomeless%2520Sign.jpg&imgrefurl=http%3A%2F%2Fwww.gurugilbert.com%2F2008%2F07%2F10%2Fmy-brilliant-idea-on-how-to-solve-the-homeless-problem-at-least-in-nyc%2F&docid=2W9VO1sAKpL8xM&tbnid=7UJU39hKSN0oCM%3A&w=500&h=374&bih=805&biw=1436&ved=0ahUKEwjK8riUwqnOAhVGwBQKHVndBK04kAMQMwgHKAUwBQ&iact=mrc&uact=8,I'LL BET YOU $1 YOULL READ THIS SIGN,8
https://www.google.com/imgres?imgurl=http%3A%2F%2Fc8.alamy.com%2Fcomp%2FAB95XH%2Fnyc-new-york-city-street-scene-sidewalk-people-homeless-person-beggar-AB95XH.jpg&imgrefurl=http%3A%2F%2Fwww.alamy.com%2Fstock-photo-nyc-new-york-city-street-scene-sidewalk-people-homeless-person-beggar-12818824.html&docid=6Ikh8DROtxVLIM&tbnid=J02lgj9hzZhxNM%3A&w=1300&h=959&bih=805&biw=1436&ved=0ahUKEwjzhfb8wanOAhVIWxQKHWUpByY4rAIQMwgPKA0wDQ&iact=mrc&uact=8,HOMELESS ANYTHING HELPS!,3
https://www.google.com/imgres?imgurl=http%3A%2F%2F4.bp.blogspot.com%2F-qZrzasUcpdA%2FVkNAsaeXF3I%2FAAAAAAAA4D0%2FgGmnY-oSyec%2Fs400%2F111015_homeless_dm_1.jpg&imgrefurl=http%3A%2F%2Freaganiterepublicanresistance.blogspot.com%2F2015%2F11%2Fnyc-homeless-man-aka-bum-rakes-in-200hr.html&docid=b_RULrBlEWqb1M&tbnid=TPdOAFsKbcg1NM%3A&w=400&h=266&bih=805&biw=1436&ved=0ahUKEwiflZLZwanOAhUERhQKHTnrAU84ZBAzCEUoQzBD&iact=mrc&uact=8,SPARE ANY CHANGE FOR ME AND MY POOCH,8
https://www.google.com/imgres?imgurl=http%3A%2F%2F3.bp.blogspot.com%2F-gNUBozjbUp0%2FVDGrIEhagGI%2FAAAAAAAABhg%2F9PRQywK48TE%2Fs1600%2Fhomeless-girl.jpg&imgrefurl=http%3A%2F%2Fwww.streetphotographyprojects.com%2F2014%2F10%2Fnew-york-city-street-homelessness.html&docid=h3gLUBFauDQkRM&tbnid=o4-d5qwq6IJ7wM%3A&w=1296&h=864&bih=805&biw=1436&ved=0ahUKEwjzhfb8wanOAhVIWxQKHWUpByY4rAIQMwgbKBkwGQ&iact=mrc&uact=8,HOMELESS... BROKE... AND HUNGRY! KINDNESS HELPS!,6
https://www.google.com/imgres?imgurl=http%3A%2F%2F1.bp.blogspot.com%2F-Oft4U1Td4Jo%2FTfO5Vta57vI%2FAAAAAAAAAl4%2FaI8Y3XoNsrE%2Fs1600%2Fhomeless%252Bin%252BNYC.jpg&imgrefurl=http%3A%2F%2Fahmadiyyapost.blogspot.com%2F2011%2F06%2Fcampaign-homelessness-in-nyc.html&docid=XN-c2Ak1xHQMRM&tbnid=US23YCyJ3N0XGM%3A&w=409&h=341&bih=805&biw=1436&ved=0ahUKEwijloSxwKnOAhXHNxQKHYosDB84ZBAzCFYoVDBU&iact=mrc&uact=8,"PLEASE HELP HOMELESS AND BROKE ALL MY BELONGINGS HAVE BEEN STOLEN... CLOTHES, BANKETS AND PERSONAL AFFECTS, MY BIBLE AS WELL. I NEED HELP FOR PHONE CALLS, NEWSPAPERS ETC TO FIND WORK. ALL HELP VERY APPRECIATED AND PUT TO GOOD USE",40
https://www.bowery.org/media/uploads/1-homelessness/1.1_facts1.jpg,HOMELESS VETERAN OUT OF WORK WILLING TO DO ANY WORK NOW PLEASE EXPERT PLUMBER ANYTHING WILL BE A BLESSING NOW. ALL I NEED IS A SHOT I'M NOT LAZY GOD SAID ASK. SEEK. KNOCK. PLEASE HAVE MERCY. ANY HELP WILL BE A BLESSING PLEASE,44
https://twitter.com/UnemployedGenY/status/713523394495561728,TO HOMELESS OUTREACH PLEASE STOP! WAKING US UP EVERYDAY! WE HAVE A DOG AND WE ARE ALREADY WORKING WITH AN ORGANIZATION. PLEASE WE BEG YOU TO LET US SLEEP PAST 6 AM ONCE IN A WHILE THANK YOU THE GALATIS,40
https://twitter.com/SiRM00RE/status/757204910727389184,SEEKING HUMAN KINDNESS,3
https://twitter.com/SheszSoAmazing/status/486928484879843329,"JUSTIN BIEBER STOLE MY CAR, AND SMOKED ALL MY WEED --PLEASE HELP SECULAR LIBRARY INFO",15
https://twitter.com/RakBak16/status/757956555908091905,HOMELESS PLEASE HELP THANK YOU,5
https://twitter.com/normaugustinus/status/597410231069577217,HAPPY MOTHERS DAY 2015,4
https://twitter.com/nikkifirewall/status/593913822210985985,HI I'M HOMELESS AND HUNGRY CAN U SPARE ANY CHANGE PLEASE THANK U AND GOD BLESS,16
https://twitter.com/museoimaginario/status/714084181194637312,NEED MONEY FOR THE MOVIES. WE MAY BE BROKE AND HOMELESS. BUT WE LIKE SUPERMAN TOO ANYTHING HELPS,18
https://twitter.com/MockTurtleMoon/status/465574747648974848,LOOKING FOR A MIRACLE GOD BLESS,6
https://twitter.com/MissAmyVarle/status/754722006285881345,HOMELESS BUT HOPEFUL BROKE NOT BROKEN EVERYTHING HELPS!,8
https://twitter.com/Lauryn2000/status/558711076603568128,HOMELESS PLEASE HELP,3
https://twitter.com/Killahkazx/status/750433862929506304,GIVE ME $1 OR I'M VOTING TRUMP,7
https://twitter.com/KhordKitty/status/636286366297518081,SPARE A BUCK? ANYTHING HELPS,5
https://twitter.com/Josiahhaken/status/709770324963958784,HOMELESS NOT HOPELESS EVERBODY NEEDS HELP FROM TIME TO TIME THANKS AND GOD BLESS,14
https://twitter.com/JoeyBoots/status/262224624702615552,"HOMELESS TRYING TO PREPARE FOR THE STORM NO SUPPORT OR FAMILY ANYTHING HELPS, THANK YOU AND GOD BLESS",18
https://twitter.com/jakemonO/status/210768578524364802,"I'M HOMELESS, BROKE AND NEED YOUR HELP GOD BLESS THANKS SO MUCH",12
https://twitter.com/investinothers/status/765988571136323588,TRYING TO GET GLASSES FIXED WITH MEDICID BACK IN JERSEY. HAVING PROBLEMS SINCE CAR ACCIDENT THIS PAST YEAR BLIND IN LEFT EYE HAVING PAIN TROUBLE WITH RIGHT EYE NEED EXAM SERVED AIR FORCE 2.5 YEARS BEEN STAYING IN SHELTER WAITING FOR HOUSING,42
https://twitter.com/Ike_Saul/status/720619985186459648,HOMELESS MARINE VETERAN I HAVE PICTURES TO PROVE IT ON FACEBOOK! PRIVATE FIRST CLASS DANIEL DAMASCUS KIMERY 0311 RIFLEMAN 3 1/HORNO BULLS BALLS THE BALLS OF THE MARINE CORPS INFANTRY FUCK BILL DEBLASIO! HELP THE HOMELESS!,36
https://twitter.com/HomelessBusNYC/status/749576560915673089,HOMELESS NO FAMILY OR SUPPORT HEALTH PROBLEMS COULD USE SOME COMPASSION REALLY NEED THE HELP,15
https://twitter.com/greennomad61/status/759377957521620992,ONE OF MANY HOMELESS VETERANS,5
https://twitter.com/Getlnvolved/status/599190522465517568,NINJAS TOOK EVERYTHING $1.99 SHORT FOR KARATE LESSONS,8
https://twitter.com/Genbrennan/status/403804240235077632,HI FRIENDS IM LOOKING FOR A WEALTHY LADY TO BE MY WIFE! MY NAME IS ROBERT SINGLE NEVER MARRIED NO CHILDREN LADIES NOT YET RICH BUT VERY WELL OFF WILL ALSO BE CONSIDERED! CALL SOON!,35
https://twitter.com/fromcentralprk/status/720861710400118784,HOMELESS NEED METROCARD MONEY OR FOOD GOD BLESS,8
https://twitter.com/BoldGlobalMedia/status/760847859696623623,GIVE ME ONE DOLLAR OR I'M VOTING TRUMP,8
https://twitter.com/artistisan1/status/428630223815315456,"HOMELESS SALESMAN SHORT, FAT, BALD SINGLE, BROKE NEEDS A REAL JOB AND A LAWYER",14
https://twitter.com/ArleneSchulman/status/517110727321329664,HOMELESS WITH MY 6 MONTH PREGNANT WIFE WE LOST EVERYTHING WHEN WE LOST OUR APARTMENT DUE TO LOSING MY JOB I AM LOOKING FOR A JOB ALL THE TIME! TRYING TO MAKE $14 SO WE CAN GET DOMESTIC!!! PARTNERSHIP!!! CAN YOU PLEASE HELP ME!!! SO I CAN BE INSIDE BEFORE IT GETS COLDER PLUS I,55
https://twitter.com/APEastRegion/status/768195958739873792,SHE HAD A BETTER LAWYER,5
https://twitter.com/AndrewMcMillan_/status/760671016838393858,I NEED MONEY FOR WEED BITCHES AND PIZZA SMOKE WEED EVERY DAY,12
https://twitter.com/AlysiaStern/status/700073519112187904,IRAQ VET USMC LOOKING FOR WORK! HAVE A SOON NEED HELP! ANYTHING HELPS! 1ST BAT 2ND MARINES DEV 15TH MEU BRAVO CO. PLEASE LEND US A HAND,27
https://twitter.com/ajfilipiuk/status/720299898076143617,HOMELESS STRESSED OUT EMBARRASSED?,4
https://twitter.com/AFF_USA/status/597151897284313088,PLEASE HELP! GOD BLESS THANK YOU!!!,6
https://thenypost.files.wordpress.com/2016/02/homeless.jpg?quality=90&strip=all&w=664&h=441&crop=1,ANYTHING HELPS,2
https://thenypost.files.wordpress.com/2016/01/usa-homelessness_new_york.jpg?quality=90&strip=all&w=664&h=441&crop=1,"ARMY VET PLEASE HELP ME GET A WARM, SAFE PLACE TO SLEEP TONIGHT. NEED $45. ANYTHING HELPS! THANK YOU!",19
https://shiny738.files.wordpress.com/2014/06/img_1437.jpg,PLEASE HELP FOOD METRO CARDS CLOTHES ANYTHING HELPS GOD BLESS THANK YOU GOD BLESS,14
https://shiny738.files.wordpress.com/2014/06/img_1427.jpg,HOMELESS VETERAN OUT OF WORK WILL WORK CHEAP NOW I'M A PLUMBER PLEASE JUST A FEW HOURS WOULD HELP ANY DONATION PLEASE OLD CLOTHES THANKS,25
https://shiny738.files.wordpress.com/2014/06/img_1425.jpg,"PLEASE HELP DESERT STORM VET I LOST EVERYTHING IN MY LIFE THAT WAS IMPORTANT TO ME, MY SON, MY ROOMATE, MY MOTHER, ETC, ETC, SORRY TO BURDEN YOU BUT ANY HELP YOU GIVE IS A BLESSING AND IT MAY GET ME OFF THE STREET SO PLEASE IF YOU CAN! THANK YOU!",51
https://nikkisimages.files.wordpress.com/2011/12/img_2258_1.jpg,HOMELESS 9 WEEKS PREGNANT HUNGRY COLD BROKE ANYTHING HELPS THANKS GOD BLESS,12
https://mattweberphotos.files.wordpress.com/2015/11/soldier-homeless-sign-copy.jpg,"IRAQ VETERAN PROOF OF SERVICE 20 MONTHS SOBER 7 MONTH OLD BABY BOY  VETERAN AFFAIRS NOT HELPING ONLY MEDICAL, NO DENTAL! SEVERLY STRUGGLING ANYTHING HELPS! GOD BLESS BRAVO INFANTRY FT. STEWART GA 3RD ID SAW CAMP VICTORY IRAQ PTSD IN NEED OF: SOY BABY FORMULA DIAPERS 13-20 POUNDS METROCARDS BABY WIPES BABY FOOD ETC NEED 2ND JOB",57
https://jbmediacollective.files.wordpress.com/2014/10/homeless-kids-new-york.jpg,HOMELESS GOD BLESS,3
https://jbmediacollective.files.wordpress.com/2014/10/homeless-kids-new-york.jpg,HOMELESS PLEASE HELP,3
https://4.bp.blogspot.com/-IwgGXcQjM2w/UhK4N8jmCLI/AAAAAAAAW70/yRAs70RryNM/s1600/Homeless+And+Hungry+%C2%A9+Mark+Fisher+NYC1-7687.jpg,HOMELESS AND HUNGRY ANYTHING HELPS GOD BLESS,7
http://www.vosizneias.com/226737/2016/01/10/new-york-ny-nyc-homeless-from-the-hopeless-to-those-on-cusp-of-jobs/,"MY NAME IS JOHN MASTER CARPENTER FRAMING, DRYWALL, TRIM, CABINETS WINDOWS, DOORS, HARDWARE, PAINT. OSHA ID CARD VALID STATE LICENSE TOOLS STOLEN NOV 28 TAKE MY NUMBER PASS IT ON. I NEED IMMEDIATE WORK. HUMBLE WITH MUCH HUMILITY. I NEED $ ASAP",42
http://www.usedyorkcity.com/wp-content/uploads/2016/01/nyhomeless91215.jpg,HOMELESS BROKE AND HUNGRY. ANYTHING HELPS. THANK  YOU. SAVING MONEY TO RENT ROOM!,13
http://www.shutterstock.com/video/clip-13400924-stock-footage-new-york-nov-man-walking-past-and-ignoring-homeless-woman-sitting-on-sidewalk-on-street.html,HOMELESS ANYTHING HELPS,3
http://www.shutterstock.com/pic-96134684/stock-photo-new-york-february-25-a-homeless-man-sitting-on-the-street-with-a-dog-and-asking-for-help-february-25-2012-in-new-york-city.html?src=NohmIcLwVYdBlmY3-eK19w-1-28,IN NEED OF A LITTLE HELP ANYTHING HELPS,8
http://www.shutterstock.com/pic-96134678/stock-photo-new-york-february-25-a-homeless-man-sitting-on-the-street-with-a-dog-and-asking-for-help-february-25-2012-in-new-york-city.html?src=NohmIcLwVYdBlmY3-eK19w-1-68,HOMELESS ALONE HUNGRY AND COLD! ALL ACTS OF KINDNESS GREATLY APPRECIATED THANK YOU. CHEERS,14
http://www.shutterstock.com/pic-407358115/stock-photo-new-york-circa-march-2016-homeless-sit-on-street-in-new-york-city-the-city-of-new-york-often-called-new-york-city-or-simply-new-york-is-the-most-populous-city-in-the-united-states.html?src=DkDi9sAZ4lc2rjx335R7HQ-1-8,TODAY IS MY 27TH BIRTHDAY!! I AM CURRENTLY HOMELESS!! ANYTHING YOU CAN SPARE WILL BE GREATLY APPRECIATED THANK YOU! GOD BLESS,21
http://www.shutterstock.com/pic-351803642/stock-photo-new-york-december-13-2015-scene-at-times-square-in-midtown-manhattantimes-square-is-a-major-commercial-intersection-and-a-neighborhood-in-midtown-manhattan-homeless-person.html?src=DkDi9sAZ4lc2rjx335R7HQ-1-6,NO WE AREN'T URBAN CAMPING WE ARE REALLY HOMELESS! ANYTHING HELPS! THANK YOU,13
http://www.shutterstock.com/pic-260329823/stock-photo-new-york-march-12-2015-homeless-man-at-madison-square-in-midtown-manhattan.html?src=DkDi9sAZ4lc2rjx335R7HQ-1-0,HOMELESS COULD REALLY USE A HAND,6
http://www.odditycentral.com/wp-content/uploads/2014/09/Joe-the-homeless-guy.jpg,SEEKING HUMAN KINDNESS,3
http://www.nydailynews.com/new-york/ny-assemblyman-calls-cuomo-tap-fund-aid-nyc-homeless-article-1.2443498,TRYING TO GET INTO A WARM PLACE TO STAY FOR THE NIGHT AND TO TAKE A MUCH NEEDED HOT SHOWER PLEASE HELP THANK YOU GOD BLESS,26
http://www.news.com.au/world/new-york-subways-overrun-with-homeless/story-fndir2ev-1226748002268,HOMELESS AND HUNGRY LOST EVERYTHING FROM STORM SANDY PLEASE HELP!,10
http://www.istockphoto.com/photo/homeless-young-woman-begging-new-yor-city-gm458623227-20508383,PLEASE HELP! NEED TO GET OFF THE STREET AND BACK HOME TO SF CA ANYTHING HELPS,16
http://www.istockphoto.com/photo/homeless-teenager-gm516401018-88979247,"19, HOMELESS THANK YOU HAVENT EATEN IN DAYS ANYTHING PLEASE HELP",11
http://www.istockphoto.com/photo/homeless-man-on-fifth-avenue-manhattan-ny-gm458402847-28672056,HOMELESS A DOLLAR CAN HELP,5
http://www.istockphoto.com/photo/homeless-lost-everything-gm157281028-466214,HOMELESS LOST EVERYTHING! PLEASE HELP ME OUT! THANK YOU! GOD BLESS YOU!,12
http://www.istockphoto.com/photo/homeless-in-the-city-gm476445393-35933700,PLEASE HELP ME HOMELESS HUNGRY. DOWN ON MY LUCK PLEASE HELP THANK YOU GOD BLESS,15
http://www.istockphoto.com/photo/homeless-in-sleeping-bag-with-sign-asking-for-help-gm511792038-86817081,HOMELESS AND HUNGRY PLEASE HELP IF YOU CAN GOD BLESS YOU,11
http://www.istockphoto.com/photo/bag-and-homeless-sign-gm521114193-50131372,HOMELESS PLEASE HELP WITH SOCKS METRO CARD SLEEPING BAG I HAVE NO ONE JESUS LOVES YOU,16
http://www.housethehomeless.org/wp-content/uploads/2010/12/New-York_-New-York.jpg,TELL ME OFF FOR 25 CENTS,6
http://www.gettyimages.com/event/strong-winter-storm-bears-down-on-northeastern-u-s-464555285#homeless-person-bundles-against-the-cold-during-a-snowstorm-on-21-picture-id464182511,"HOMELESS, BROKE AND HUNGRY PLEASE HELP WITH ANY DONATION! ANYTHING HELPS THANK YOU AND GOD BLESS",16
http://www.gettyimages.com/event/police-chief-bratton-says-homelessness-in-city-has-spiked-in-last-two-years-592678821#mike-who-is-homeless-panhandles-on-the-street-on-november-20-2015-in-picture-id498068220,IN NEED OF A LITTLE HELP!!  PLEASE HELP IF YOU CAN THANK YOU GOD BLESS,15
http://www.gettyimages.com/event/pockets-of-bygone-gritty-new-york-remain-on-manhattans-8th-avenue-554968319#homeless-teen-panhandles-on-a-street-near-eighth-avenue-in-manhattan-picture-id473900886,"ONLY 19, ALONE ON THE STREET!!! JUST TRYING TO SURVIVE! $20 GETS ME A BED AT A HOSTEL AND OFF THE STREET TONIGHT ANY HELP IS A BLESSING! THANK YOU AND GOD BLESS",33
http://www.gettyimages.com/event/pockets-of-bygone-gritty-new-york-remain-on-manhattans-8th-avenue-554968319#homeless-man-panhandles-along-eighth-avenue-in-manhattan-on-may-18-picture-id473900904,HOMELESS HAVE NO FAMILY PLEASE HELP ANYTHING AND EVERYTHING IS A BLESSING TO ME RIGHT NOW THANK YOU GOD BLESS,20
http://www.gettyimages.com/event/panhandlers-placards-show-signs-of-continued-economic-hardship-454011621#person-in-economic-difficulty-holds-up-a-homemade-sign-asking-for-a-picture-id453561201,CAN YOU SPARE 25 CENTS FOR FOOD,7
http://www.gettyimages.com/event/panhandlers-placards-show-signs-of-continued-economic-hardship-454011621#person-in-economic-difficulty-holds-a-homemade-sign-asking-for-money-picture-id453561193,HOMELESS HUNGRY PLEASE HELP THANK YOU GOD BLESS,8
http://www.gettyimages.com/event/panhandlers-placards-show-signs-of-continued-economic-hardship-454011621#person-in-economic-difficulty-holds-a-homemade-sign-asking-for-money-picture-id453561185,"PLEASE HELP I AM HOMELESS WILLING TO WORK WILL GIVE A DAYS WORK FOR A DAYS PAY EVERYTHING HELPS PENNIES, NICkELS, DIMES QUARTERS BUT MOSTLY A JOB THANK YOU AND GOD BLESS",32
http://www.gettyimages.com/event/panhandlers-placards-show-signs-of-continued-economic-hardship-454011621#person-in-economic-difficulty-holds-a-homemade-sign-asking-for-money-picture-id453561179,HOMELESS ANYTHING HELPS THANK YOU,5
http://www.gettyimages.com/event/panhandlers-placards-show-signs-of-continued-economic-hardship-454011621#person-in-economic-difficulty-holds-a-homemade-sign-asking-for-money-picture-id453561177,HOMELESS APPRECIATE ANY HELP HAVING A HARD TIME! HAPPY HOLIDAYS! HAPPY CHANUKAH! HAPPY THANKSGIVING,14
http://www.gettyimages.com/event/panhandlers-placards-show-signs-of-continued-economic-hardship-454011621#homemade-sign-for-a-person-in-economic-difficulty-asks-for-money-a-picture-id453561191,"JUST TRYING TO GET BY AND STAY OFF STREETS AT NIGHT. HUNGRY ANYTHING HELPS! THANKS!! (METROCARDS GIFTCARDS ARE GREAT.) I AM HUNGRY, NOT MY DOG, BUT IF YOU INSIST ON BUYING HER FOOD SHE EATS DRY DOG FOOD WITH MEAT AS FIRST INGREDIENT. NOT WET CANNED FOOD.",47
http://www.gettyimages.com/event/panhandlers-placards-show-signs-of-continued-economic-hardship-454011621#homemade-sign-for-a-person-in-economic-difficulty-asks-for-money-a-picture-id453561181,HOMELESS...BROKE AND HUNGRY ANY KINDNESS HELPS MY DOG COMES FIRST GOD BLESS!!!,12
http://www.gettyimages.com/event/panhandlers-placards-show-signs-of-continued-economic-hardship-454011621#homemade-sign-for-a-person-in-economic-difficulty-asks-for-money-a-picture-id453561171,"CAN YOU PLEASE HELP??? PLEASE? NOT ASKING FOR MUCH JUST THE BASICS... FOOD, CHANGE, EVEN PENNIES, WARM CLOTHES. IF YOU CAN'T, I UNDERSTAND, JUST SAY HELLO THANK YOU A.N. UNFORTUNATE",30
http://www.gettyimages.com/event/new-york-citys-homelessness-rate-at-all-time-high-as-state-considers-pulling-funding-for-key-program-117066774#homeless-man-rests-while-panhandling-on-the-street-on-june-20-2011-in-picture-id117069951,PLEASE HELP HOMELESS AND HUNGRY GOD BLESS YOU,8
http://www.gettyimages.com/event/new-york-citys-homelessness-rate-at-all-time-high-as-state-considers-pulling-funding-for-key-program-117066774#homeless-man-plays-his-guitar-while-panhandling-on-the-street-on-june-picture-id117069946,NEED HELP! EVERY CENT HELPS,5
http://www.gettyimages.com/event/new-york-citys-homelessness-rate-at-all-time-high-as-state-considers-pulling-funding-for-key-program-117066774#david-vasquez-who-is-homeless-panhandles-on-the-street-on-june-20-in-picture-id117069956,HOMELESS ANYTHING HELPS THANKS,4
http://www.gettyimages.com/event/new-york-citys-homeless-population-shows-sharp-rise-in-last-five-years-508644853#homeless-man-begs-for-money-on-a-manhattan-street-on-august-22-2014-picture-id453989474,HOMELESS HAVE NOTHING HUNGRY PLEASE HELP TO MAKE TODAY A LITTLE BIT EASIER TO GET THROUGH THANK YOU AND GOD BLESS,21
http://www.gettyimages.com/event/new-york-citys-homeless-population-shows-sharp-rise-in-last-five-years-508644853#homeless-man-begs-for-money-on-a-manhattan-street-on-august-22-2014-picture-id453989470,HOMELESS PLEASE CAN YOU HELP I HAVE: NO MONEY NO PLACE TO SLEEP NO CLOTHES,15
http://www.gettyimages.com/event/new-york-citys-homeless-population-shows-sharp-rise-in-last-five-years-508644853#homeless-couple-use-a-sign-to-beg-for-money-on-a-manhattan-street-on-picture-id453989514,HOMELESS COUPLE STARVING NO ID FOR SHELTER PLEASE HELP,9
http://www.gettyimages.com/event/homelessness-on-the-rise-in-new-york-city-92147685#sign-of-a-man-panhandling-for-money-is-displayed-on-the-streets-of-picture-id92356703,CAN U HELP US? NEED FOOD THANK YOU GOD BLESS,10
http://www.gettyimages.com/event/homelessness-on-the-rise-in-new-york-city-92147685#man-panhandles-for-change-on-the-streets-of-manhattan-october-26-2009-picture-id92356701,I BET YA $1 YOU'LL READ THIS SIGN,8
http://www.gettyimages.com/event/homelessness-on-the-rise-in-new-york-city-153095541#quan-flood-who-says-he-is-currently-without-a-home-tries-to-pick-up-picture-id152917469,"I HELP WITH: DIRECTIONS ADVICE CARRYING LIFTING CLEAN-UP DELIVERY, MASSAGES, AND MORE",12
http://www.gettyimages.com/detail/photo/money-for-weed-high-res-stock-photography/521638556,NEED MONEY FOR WEED WHY LIE,6
http://www.gettyimages.com/detail/photo/homeless-signage-with-cup-of-coins-on-sidewalk-royalty-free-image/599317515,HOMELESS ANY DONATION WILL HELP. GOD BLESS YOU. NEED FOOD PLEASE,11
http://www.gettyimages.com/detail/photo/homeless-sign-5th-avenue-manhattan-new-york-high-res-stock-photography/529436304,HOMELESS! A DOLLAR CAN HELP A LOT,7
http://www.gettyimages.com/detail/photo/homeless-man-with-aids-begging-for-spare-high-res-stock-photography/128621017,I HAVE AIDS VIA TRANSFUSION. LOST MY JOB AND HOME WHILE IN HOSPITAL GET CITY FUNDS WED NOTHING UNTIL PLEASE HELP I HAVE PROOF,24
http://www.gettyimages.com/detail/photo/homeless-in-manhattan-royalty-free-image/172278541,HOMELESS HUNGRY PLEASE HELP THANK YOU VERY MUCH!!,8
http://www.gettyimages.com/detail/news-photo/young-homeless-man-begging-for-money-ny-city-ny-news-photo/144073920,"PLEASE! HELP ME, I'M HOMELESS AND TRYING MY BEST TO GET A JOB OR SOME KIND OF WORK, THE ONLY WAY FOR ME TO SURVIVE IS YOUR HELP AND KINDNESS THANK YOU GOD BLESS",34
http://www.gettyimages.com/detail/news-photo/vietnam-veteran-holding-sign-which-says-homeless-veterans-news-photo/515427358,HOMELESS VETERANS IN TIMES OF WAR WERE CALLED ELITE HOW DID WE EVER LAND IN THE STREETS,17
http://www.gettyimages.com/detail/news-photo/these-are-actual-new-york-city-homeless-people-with-their-news-photo/185790840,HOMELESS NERDS NEED LOVE TOO!,5
http://www.gettyimages.com/detail/news-photo/new-york-citys-avenue-of-americas-travels-through-the-news-photo/539554624,PLEASE HELP A VET USMC SEMPER FIDELIS,7
http://www.gettyimages.com/detail/news-photo/new-york-citys-avenue-of-americas-travels-through-the-news-photo/539554614,"HOMELESS, HAVING A VERY HARD TIME OUT HERE ANY SPARE CHANGE HELPS THANKS GOD BLESS HAPPY HOLIDAYS",17
http://www.gettyimages.com/detail/news-photo/new-york-citys-avenue-of-americas-travels-through-the-news-photo/539554594,MOM SICK IN N. CAROLINA LOST WALLET... $36 SHORT FOR BUS HAPPY HOLIDAYS AND GOD BLESS,16
http://www.gettyimages.com/detail/news-photo/new-york-citys-avenue-of-americas-travels-through-the-news-photo/539554572,HOMELESS... HUNGRY AND COLD... ANYTHING HELPS! HAPPY HOLIDAYS LETS GO RANGERS NEED HAND WARMERS THANK YOU,16
http://www.gettyimages.com/detail/news-photo/man-asks-for-money-as-pedestrians-make-their-way-during-a-news-photo/513706242#man-asks-for-money-as-pedestrians-make-their-way-during-a-wet-in-new-picture-id513706242,"HI I'M RICHARD EXTREMELY HUMILIATING BUT I COULD REALLY USE A HAND IF POSSIBLE HOMELESS, COLD, SICK",17
http://www.gettyimages.com/detail/news-photo/homeless-woman-sits-in-front-of-a-store-hoping-for-news-photo/498617838#homeless-woman-sits-in-front-of-a-store-hoping-for-donations-on-fifth-picture-id498617838,HOMELESS AND PREGNANT! ANYTHING HELPS,5
http://www.gettyimages.com/detail/news-photo/homeless-woman-holding-sign-news-photo/578019502#homeless-woman-holding-sign-picture-id578019502,ALMA IS HOMELESS PLEASE HELP THANK YOU!,7
http://www.gettyimages.com/detail/news-photo/homeless-woman-crouching-on-the-corner-of-the-street-in-the-news-photo/185802311,"NEED A BUS TICKET TRYING TO MAKE $35 TO GET TO ATLANTIC CITY, NJ I HAVE A PLACE TO LIVE AND A JOB OPPORTUNITY OUT THERE. ANYTHING HELPS THANKS YOU",30
http://www.gettyimages.com/detail/news-photo/homeless-woman-begs-for-money-along-a-city-sidewalk-her-news-photo/576829070,HOMELESS AND HUNGRY PLEASE HELP THANK YOU,7
http://www.gettyimages.com/detail/news-photo/homeless-persons-displays-a-will-work-for-food-sign-in-news-photo/534931884,WILL WORK FOR FOOD,4
http://www.gettyimages.com/detail/news-photo/homeless-person-sits-close-by-as-tourists-walk-through-news-photo/514525394#homeless-person-sits-close-by-as-tourists-walk-through-times-square-picture-id514525394,DOES ANYONE HAVE A HEART? NOTHING LEFT BUT HOPE I HAVE NO WHERE TO GO NO FAMILY TO HELP ME EVERY LIL BIT MATTERS GOD BLESS,26
http://www.gettyimages.com/detail/news-photo/homeless-man-wendell-scott-who-says-an-overactive-thyroid-news-photo/84785371,UNINSURED OVERACTIVE THYROID PLEASE DONATE,5
http://www.gettyimages.com/detail/news-photo/homeless-artist-sitting-on-the-sidewalk-in-manhattan-near-news-photo/170530930,HOMELESS HUNGRY COLD AND BROKE ARTIST DOWN ON LUCK ANYTHING HELPS... ...REALLY,12
http://www.gettyimages.com/detail/news-photo/businessman-walks-by-a-homeless-woman-holding-a-card-news-photo/104511048#businessman-walks-by-a-homeless-woman-holding-a-card-requesting-money-picture-id104511048,NEED TICKET HOME TO MAINE STRANDED IN NYC WITH ABUSIVE HUSBAND!! PLEASE HELP ME GET OUTTA HERE,17
http://www.bigstockphoto.com/image-60860780/stock-photo-homeless-man-sleeping-beside-newpaper-boxes,"HOMELESS AND BROKE NO FAMILY, NO POSSESSIONS. STRUGGLING ANY HELP IS VERY NEEDED THANK YOU GOD BLESS",17
http://www.alamy.com/stock-photo-young-homeless-youths-begging-in-the-street-in-new-york-city-2010-83390165.html,PRACTICE RANDOM ACTS OF KINDNESS,5
http://www.alamy.com/stock-photo-vietnam-war-veteran-casualty-begs-for-money-on-5th-avenue-at-rockefeller-21253032.html?pv=1&stamp=2&imageid=6FC72E40-CF18-4F9E-A6E1-29F9BE23F041&p=21612&n=599&orientation=0&pn=1&searchtype=0&IsFromSearch=1&srch=foo%3dbar%26st%3d0%26sortby%3d2%26qt%3dhomeless%2520in%2520new%2520york%26qt_raw%3dhomeless%2520in%2520new%2520york%26qn%3d%26lic%3d3%26mr%3d0%26pr%3d0%26aoa%3d1%26creative%3d%26videos%3d%26nu%3d%26ccc%3d%26bespoke%3d%26apalib%3d%26ag%3d0%26hc%3d0%26et%3d0x000000000000000000000%26vp%3d0%26loc%3d0%26ot%3d0%26imgt%3d0%26dtfr%3d%26dtto%3d%26size%3d0xFF%26blackwhite%3d%26cutout%3d%26archive%3d1%26name%3d%26groupid%3d%26pseudoid%3d%26userid%3d%26id%3d%26a%3d%26xstx%3d0%26cbstore%3d0%26lightbox%3d%26resultview%3dsortbyPopular%26gname%3d%26gtype%3d%26apalic%3d%26tbar%3d1%26pc%3d%26simid%3d%26cap%3d1%26customgeoip%3d%26vd%3d0%26cid%3d%26pe%3d%26saveQry%3d%26editorial%3d1%26t%3d0%26edoptin%3d,"VIETNAM VET 63-71-8 YEARS US MARINES HOMELESS VET. WITH FAMILY OUT OF WORK ALMOST 2 YEARS WIFE LEFT ME AFTER 38 YEARRS PLEASE HELP ANY KIND OF DIN IS GREATLY APPRECIATED THANK YOU GOLD BLESS YOU 2-TOURS IN ""NAM"" 64-65 WEI 67-68 KHE SANH BIG TET OFF TAKING OF THE HILL",51
http://www.alamy.com/stock-photo-very-depressed-homeless-man-sitting-on-the-sidewalk-on-42nd-st-in-74266992.html?pv=1&stamp=2&imageid=799E1927-4410-451C-84AF-88D161643C42&p=21612&n=495&orientation=0&pn=1&searchtype=0&IsFromSearch=1&srch=foo%3dbar%26st%3d0%26sortby%3d2%26qt%3dhomeless%2520in%2520new%2520york%26qt_raw%3dhomeless%2520in%2520new%2520york%26qn%3d%26lic%3d3%26mr%3d0%26pr%3d0%26aoa%3d1%26creative%3d%26videos%3d%26nu%3d%26ccc%3d%26bespoke%3d%26apalib%3d%26ag%3d0%26hc%3d0%26et%3d0x000000000000000000000%26vp%3d0%26loc%3d0%26ot%3d0%26imgt%3d0%26dtfr%3d%26dtto%3d%26size%3d0xFF%26blackwhite%3d%26cutout%3d%26archive%3d1%26name%3d%26groupid%3d%26pseudoid%3d%26userid%3d%26id%3d%26a%3d%26xstx%3d0%26cbstore%3d0%26lightbox%3d%26resultview%3dsortbyPopular%26gname%3d%26gtype%3d%26apalic%3d%26tbar%3d1%26pc%3d%26simid%3d%26cap%3d1%26customgeoip%3d%26vd%3d0%26cid%3d%26pe%3d%26saveQry%3d%26editorial%3d1%26t%3d0%26edoptin%3d,NEED A MIRACLE,3
http://www.alamy.com/stock-photo-streetworn-homeless-man-asking-for-help-along-42nd-street-in-midtown-79748894.html?pv=1&stamp=2&imageid=8B88E858-42B1-4CAD-BA5A-4F25AEC0C212&p=21612&n=293&orientation=0&pn=1&searchtype=0&IsFromSearch=1&srch=foo%3dbar%26st%3d0%26sortby%3d2%26qt%3dhomeless%2520in%2520new%2520york%26qt_raw%3dhomeless%2520in%2520new%2520york%26qn%3d%26lic%3d3%26mr%3d0%26pr%3d0%26aoa%3d1%26creative%3d%26videos%3d%26nu%3d%26ccc%3d%26bespoke%3d%26apalib%3d%26ag%3d0%26hc%3d0%26et%3d0x000000000000000000000%26vp%3d0%26loc%3d0%26ot%3d0%26imgt%3d0%26dtfr%3d%26dtto%3d%26size%3d0xFF%26blackwhite%3d%26cutout%3d%26archive%3d1%26name%3d%26groupid%3d%26pseudoid%3d%26userid%3d%26id%3d%26a%3d%26xstx%3d0%26cbstore%3d0%26lightbox%3d%26resultview%3dsortbyPopular%26gname%3d%26gtype%3d%26apalic%3d%26tbar%3d1%26pc%3d%26simid%3d%26cap%3d1%26customgeoip%3d%26vd%3d0%26cid%3d%26pe%3d%26saveQry%3d%26editorial%3d1%26t%3d0%26edoptin%3d,PLEASE HELP! HOMELESS AND HUNGRY GOD BLESS YOU,8
http://www.alamy.com/stock-photo-person-reaches-out-for-help-with-a-sign-as-the-constant-flow-of-pedestrians-98296742.html?pv=1&stamp=2&imageid=82181F17-2CDF-44F7-B6F3-05CB944D0BE7&p=21612&n=572&orientation=0&pn=1&searchtype=0&IsFromSearch=1&srch=foo%3dbar%26st%3d0%26sortby%3d2%26qt%3dhomeless%2520in%2520new%2520york%26qt_raw%3dhomeless%2520in%2520new%2520york%26qn%3d%26lic%3d3%26mr%3d0%26pr%3d0%26aoa%3d1%26creative%3d%26videos%3d%26nu%3d%26ccc%3d%26bespoke%3d%26apalib%3d%26ag%3d0%26hc%3d0%26et%3d0x000000000000000000000%26vp%3d0%26loc%3d0%26ot%3d0%26imgt%3d0%26dtfr%3d%26dtto%3d%26size%3d0xFF%26blackwhite%3d%26cutout%3d%26archive%3d1%26name%3d%26groupid%3d%26pseudoid%3d%26userid%3d%26id%3d%26a%3d%26xstx%3d0%26cbstore%3d0%26lightbox%3d%26resultview%3dsortbyPopular%26gname%3d%26gtype%3d%26apalic%3d%26tbar%3d1%26pc%3d%26simid%3d%26cap%3d1%26customgeoip%3d%26vd%3d0%26cid%3d%26pe%3d%26saveQry%3d%26editorial%3d1%26t%3d0%26edoptin%3d,LOST FAMILY LOST HOME LOST EVERYTHING PLEASE ANYTHING HELPS!!,9
http://www.alamy.com/stock-photo-penniless-man-begs-on-5th-avenue-in-nyc-with-signs-asking-for-help-98294845.html?pv=1&stamp=2&imageid=181B1166-005D-450A-BA7B-9295687CAE45&p=21612&n=569&orientation=0&pn=1&searchtype=0&IsFromSearch=1&srch=foo%3dbar%26st%3d0%26sortby%3d2%26qt%3dhomeless%2520in%2520new%2520york%26qt_raw%3dhomeless%2520in%2520new%2520york%26qn%3d%26lic%3d3%26mr%3d0%26pr%3d0%26aoa%3d1%26creative%3d%26videos%3d%26nu%3d%26ccc%3d%26bespoke%3d%26apalib%3d%26ag%3d0%26hc%3d0%26et%3d0x000000000000000000000%26vp%3d0%26loc%3d0%26ot%3d0%26imgt%3d0%26dtfr%3d%26dtto%3d%26size%3d0xFF%26blackwhite%3d%26cutout%3d%26archive%3d1%26name%3d%26groupid%3d%26pseudoid%3d%26userid%3d%26id%3d%26a%3d%26xstx%3d0%26cbstore%3d0%26lightbox%3d%26resultview%3dsortbyPopular%26gname%3d%26gtype%3d%26apalic%3d%26tbar%3d1%26pc%3d%26simid%3d%26cap%3d1%26customgeoip%3d%26vd%3d0%26cid%3d%26pe%3d%26saveQry%3d%26editorial%3d1%26t%3d0%26edoptin%3d,TRYING TO VISIT MY SICK MOTHER I NEED 28$ TO GET THERE GOD BLESS,14
http://www.alamy.com/stock-photo-penniless-man-begs-on-5th-avenue-in-nyc-with-signs-asking-for-help-98294845.html?pv=1&stamp=2&imageid=181B1166-005D-450A-BA7B-9295687CAE45&p=21612&n=569&orientation=0&pn=1&searchtype=0&IsFromSearch=1&srch=foo%3dbar%26st%3d0%26sortby%3d2%26qt%3dhomeless%2520in%2520new%2520york%26qt_raw%3dhomeless%2520in%2520new%2520york%26qn%3d%26lic%3d3%26mr%3d0%26pr%3d0%26aoa%3d1%26creative%3d%26videos%3d%26nu%3d%26ccc%3d%26bespoke%3d%26apalib%3d%26ag%3d0%26hc%3d0%26et%3d0x000000000000000000000%26vp%3d0%26loc%3d0%26ot%3d0%26imgt%3d0%26dtfr%3d%26dtto%3d%26size%3d0xFF%26blackwhite%3d%26cutout%3d%26archive%3d1%26name%3d%26groupid%3d%26pseudoid%3d%26userid%3d%26id%3d%26a%3d%26xstx%3d0%26cbstore%3d0%26lightbox%3d%26resultview%3dsortbyPopular%26gname%3d%26gtype%3d%26apalic%3d%26tbar%3d1%26pc%3d%26simid%3d%26cap%3d1%26customgeoip%3d%26vd%3d0%26cid%3d%26pe%3d%26saveQry%3d%26editorial%3d1%26t%3d0%26edoptin%3d,DOES ANYONE HAVE A HEART WHAT IF YOU NEEDED A LIL HELP GOD BLESS,14
http://www.alamy.com/stock-photo-new-york-usa-october-10-2015-an-unidentified-homeless-with-his-dog-89057765.html,LOST EVERYTHING BUT MY DOG... PLEASE ANYTHING HELPS!!!,8
http://www.alamy.com/stock-photo-new-york-new-york-city-nyc-midtown-manhattan-5th-fifth-avenue-man-38247099.html,HUNGRY AND HOMELESS WILL WORK,5
http://www.alamy.com/stock-photo-homeless-young-woman-reaches-out-with-a-sign-on-the-sidewalk-in-midtown-69829719.html?pv=1&stamp=2&imageid=E692CBB0-1AE8-4FBD-B309-1E92AD003D6B&p=21612&n=499&orientation=0&pn=1&searchtype=0&IsFromSearch=1&srch=foo%3dbar%26st%3d0%26sortby%3d2%26qt%3dhomeless%2520in%2520new%2520york%26qt_raw%3dhomeless%2520in%2520new%2520york%26qn%3d%26lic%3d3%26mr%3d0%26pr%3d0%26aoa%3d1%26creative%3d%26videos%3d%26nu%3d%26ccc%3d%26bespoke%3d%26apalib%3d%26ag%3d0%26hc%3d0%26et%3d0x000000000000000000000%26vp%3d0%26loc%3d0%26ot%3d0%26imgt%3d0%26dtfr%3d%26dtto%3d%26size%3d0xFF%26blackwhite%3d%26cutout%3d%26archive%3d1%26name%3d%26groupid%3d%26pseudoid%3d%26userid%3d%26id%3d%26a%3d%26xstx%3d0%26cbstore%3d0%26lightbox%3d%26resultview%3dsortbyPopular%26gname%3d%26gtype%3d%26apalic%3d%26tbar%3d1%26pc%3d%26simid%3d%26cap%3d1%26customgeoip%3d%26vd%3d0%26cid%3d%26pe%3d%26saveQry%3d%26editorial%3d1%26t%3d0%26edoptin%3d,HOMELESS PLEASE HELP THANK YOU,5
http://www.alamy.com/stock-photo-homeless-young-woman-panhandling-on-broadway-in-the-financial-district-25122235.html?pv=1&stamp=2&imageid=974751A3-B475-439B-BB7F-B29B81596BE0&p=21612&n=425&orientation=0&pn=1&searchtype=0&IsFromSearch=1&srch=foo%3dbar%26st%3d0%26sortby%3d2%26qt%3dhomeless%2520in%2520new%2520york%26qt_raw%3dhomeless%2520in%2520new%2520york%26qn%3d%26lic%3d3%26mr%3d0%26pr%3d0%26aoa%3d1%26creative%3d%26videos%3d%26nu%3d%26ccc%3d%26bespoke%3d%26apalib%3d%26ag%3d0%26hc%3d0%26et%3d0x000000000000000000000%26vp%3d0%26loc%3d0%26ot%3d0%26imgt%3d0%26dtfr%3d%26dtto%3d%26size%3d0xFF%26blackwhite%3d%26cutout%3d%26archive%3d1%26name%3d%26groupid%3d%26pseudoid%3d%26userid%3d%26id%3d%26a%3d%26xstx%3d0%26cbstore%3d0%26lightbox%3d%26resultview%3dsortbyPopular%26gname%3d%26gtype%3d%26apalic%3d%26tbar%3d1%26pc%3d%26simid%3d%26cap%3d1%26customgeoip%3d%26vd%3d0%26cid%3d%26pe%3d%26saveQry%3d%26editorial%3d1%26t%3d0%26edoptin%3d,BROKE HUNGRY... AND OUT OF LUCK!! KINDNESS HELPS PLEASE... ,9
http://www.alamy.com/stock-photo-homeless-young-woman-asking-for-help-on-6th-avenue-in-midtown-manhattan-57881455.html?pv=1&stamp=2&imageid=2ADE47D3-F322-45E7-A574-662E2BDCCD21&p=21612&n=526&orientation=0&pn=1&searchtype=0&IsFromSearch=1&srch=foo%3dbar%26st%3d0%26sortby%3d2%26qt%3dhomeless%2520in%2520new%2520york%26qt_raw%3dhomeless%2520in%2520new%2520york%26qn%3d%26lic%3d3%26mr%3d0%26pr%3d0%26aoa%3d1%26creative%3d%26videos%3d%26nu%3d%26ccc%3d%26bespoke%3d%26apalib%3d%26ag%3d0%26hc%3d0%26et%3d0x000000000000000000000%26vp%3d0%26loc%3d0%26ot%3d0%26imgt%3d0%26dtfr%3d%26dtto%3d%26size%3d0xFF%26blackwhite%3d%26cutout%3d%26archive%3d1%26name%3d%26groupid%3d%26pseudoid%3d%26userid%3d%26id%3d%26a%3d%26xstx%3d0%26cbstore%3d0%26lightbox%3d%26resultview%3dsortbyPopular%26gname%3d%26gtype%3d%26apalic%3d%26tbar%3d1%26pc%3d%26simid%3d%26cap%3d1%26customgeoip%3d%26vd%3d0%26cid%3d%26pe%3d%26saveQry%3d%26editorial%3d1%26t%3d0%26edoptin%3d,HOMELESS PLEASE HELP THANK YOU,5
http://www.alamy.com/stock-photo-homeless-young-man-and-woman-panhandling-in-coney-island-2010-50005405.html?pv=1&stamp=2&imageid=0AA0F2A4-2F7A-4ED9-AFC8-F095F340475D&p=165319&n=121&orientation=0&pn=1&searchtype=0&IsFromSearch=1&srch=foo%3dbar%26st%3d0%26sortby%3d2%26qt%3dhomeless%2520in%2520new%2520york%26qt_raw%3dhomeless%2520in%2520new%2520york%26qn%3d%26lic%3d3%26mr%3d0%26pr%3d0%26aoa%3d1%26creative%3d%26videos%3d%26nu%3d%26ccc%3d%26bespoke%3d%26apalib%3d%26ag%3d0%26hc%3d0%26et%3d0x000000000000000000000%26vp%3d0%26loc%3d0%26ot%3d0%26imgt%3d0%26dtfr%3d%26dtto%3d%26size%3d0xFF%26blackwhite%3d%26cutout%3d%26archive%3d1%26name%3d%26groupid%3d%26pseudoid%3d%26userid%3d%26id%3d%26a%3d%26xstx%3d0%26cbstore%3d0%26lightbox%3d%26resultview%3dsortbyPopular%26gname%3d%26gtype%3d%26apalic%3d%26tbar%3d1%26pc%3d%26simid%3d%26cap%3d1%26customgeoip%3d%26vd%3d0%26cid%3d%26pe%3d%26saveQry%3d%26editorial%3d1%26t%3d0%26edoptin%3d,HOMELESS BROKE AND HUNGRY! ANYTHING HELPS,6
http://www.alamy.com/stock-photo-homeless-young-man-and-woman-panhandling-in-coney-island-2010-50005405.html?pv=1&stamp=2&imageid=0AA0F2A4-2F7A-4ED9-AFC8-F095F340475D&p=165319&n=121&orientation=0&pn=1&searchtype=0&IsFromSearch=1&srch=foo%3dbar%26st%3d0%26sortby%3d2%26qt%3dhomeless%2520in%2520new%2520york%26qt_raw%3dhomeless%2520in%2520new%2520york%26qn%3d%26lic%3d3%26mr%3d0%26pr%3d0%26aoa%3d1%26creative%3d%26videos%3d%26nu%3d%26ccc%3d%26bespoke%3d%26apalib%3d%26ag%3d0%26hc%3d0%26et%3d0x000000000000000000000%26vp%3d0%26loc%3d0%26ot%3d0%26imgt%3d0%26dtfr%3d%26dtto%3d%26size%3d0xFF%26blackwhite%3d%26cutout%3d%26archive%3d1%26name%3d%26groupid%3d%26pseudoid%3d%26userid%3d%26id%3d%26a%3d%26xstx%3d0%26cbstore%3d0%26lightbox%3d%26resultview%3dsortbyPopular%26gname%3d%26gtype%3d%26apalic%3d%26tbar%3d1%26pc%3d%26simid%3d%26cap%3d1%26customgeoip%3d%26vd%3d0%26cid%3d%26pe%3d%26saveQry%3d%26editorial%3d1%26t%3d0%26edoptin%3d,NO JOB ANY $ HELPS! THANK YOU! BROKE,8
http://www.alamy.com/stock-photo-homeless-young-iraq-war-veteran-begging-on-34th-street-in-new-york-57657564.html?pv=1&stamp=2&imageid=DE4D2CEE-AA0C-4396-9527-D912D31C1695&p=21612&n=602&orientation=0&pn=1&searchtype=0&IsFromSearch=1&srch=foo%3dbar%26st%3d0%26sortby%3d2%26qt%3dhomeless%2520in%2520new%2520york%26qt_raw%3dhomeless%2520in%2520new%2520york%26qn%3d%26lic%3d3%26mr%3d0%26pr%3d0%26aoa%3d1%26creative%3d%26videos%3d%26nu%3d%26ccc%3d%26bespoke%3d%26apalib%3d%26ag%3d0%26hc%3d0%26et%3d0x000000000000000000000%26vp%3d0%26loc%3d0%26ot%3d0%26imgt%3d0%26dtfr%3d%26dtto%3d%26size%3d0xFF%26blackwhite%3d%26cutout%3d%26archive%3d1%26name%3d%26groupid%3d%26pseudoid%3d%26userid%3d%26id%3d%26a%3d%26xstx%3d0%26cbstore%3d0%26lightbox%3d%26resultview%3dsortbyPopular%26gname%3d%26gtype%3d%26apalic%3d%26tbar%3d1%26pc%3d%26simid%3d%26cap%3d1%26customgeoip%3d%26vd%3d0%26cid%3d%26pe%3d%26saveQry%3d%26editorial%3d1%26t%3d0%26edoptin%3d,IRAQ VETERAN PROOF OF SERVICE ANYTHING HELPS GOD BLESS THANKS VETERAN AFFAIRS YOU'RE SWELL! POST TRAUMATIC STRESS DISORDER,18
http://www.alamy.com/stock-photo-homeless-woman-reaches-out-for-help-on-her-27th-birthday-sleeping-90220886.html?pv=1&stamp=2&imageid=48D508A8-B72B-4B5F-A1BB-C5AD4662B691&p=21612&n=484&orientation=0&pn=1&searchtype=0&IsFromSearch=1&srch=foo%3dbar%26st%3d0%26sortby%3d2%26qt%3dhomeless%2520in%2520new%2520york%26qt_raw%3dhomeless%2520in%2520new%2520york%26qn%3d%26lic%3d3%26mr%3d0%26pr%3d0%26aoa%3d1%26creative%3d%26videos%3d%26nu%3d%26ccc%3d%26bespoke%3d%26apalib%3d%26ag%3d0%26hc%3d0%26et%3d0x000000000000000000000%26vp%3d0%26loc%3d0%26ot%3d0%26imgt%3d0%26dtfr%3d%26dtto%3d%26size%3d0xFF%26blackwhite%3d%26cutout%3d%26archive%3d1%26name%3d%26groupid%3d%26pseudoid%3d%26userid%3d%26id%3d%26a%3d%26xstx%3d0%26cbstore%3d0%26lightbox%3d%26resultview%3dsortbyPopular%26gname%3d%26gtype%3d%26apalic%3d%26tbar%3d1%26pc%3d%26simid%3d%26cap%3d1%26customgeoip%3d%26vd%3d0%26cid%3d%26pe%3d%26saveQry%3d%26editorial%3d1%26t%3d0%26edoptin%3d,HOMELESS COLD AND HUNGRY LOST EVERYTHING BUT HOPE I AM OUT HERE ON THE STREETS ALONE WITH NO ONE TO HELP OR TO TURN TO SO I ASK YOU TO FIND IT IN YOUR HEARTS IF YOU WILL HELP ME IN MY TIME OF NEED ANYTHING AND EVERYTHING WILL HELP GOD BLESS YOU AND YOUR FAMILY THANK YOU HAVE A BLESSED DAY,62
http://www.alamy.com/stock-photo-homeless-woman-expresses-her-plight-sitting-on-the-sidewalk-in-midtown-69334778.html?pv=1&stamp=2&imageid=59978AE0-A72E-40F9-9622-03BD6183EE3A&p=21612&n=506&orientation=0&pn=1&searchtype=0&IsFromSearch=1&srch=foo%3dbar%26st%3d0%26sortby%3d2%26qt%3dhomeless%2520in%2520new%2520york%26qt_raw%3dhomeless%2520in%2520new%2520york%26qn%3d%26lic%3d3%26mr%3d0%26pr%3d0%26aoa%3d1%26creative%3d%26videos%3d%26nu%3d%26ccc%3d%26bespoke%3d%26apalib%3d%26ag%3d0%26hc%3d0%26et%3d0x000000000000000000000%26vp%3d0%26loc%3d0%26ot%3d0%26imgt%3d0%26dtfr%3d%26dtto%3d%26size%3d0xFF%26blackwhite%3d%26cutout%3d%26archive%3d1%26name%3d%26groupid%3d%26pseudoid%3d%26userid%3d%26id%3d%26a%3d%26xstx%3d0%26cbstore%3d0%26lightbox%3d%26resultview%3dsortbyPopular%26gname%3d%26gtype%3d%26apalic%3d%26tbar%3d1%26pc%3d%26simid%3d%26cap%3d1%26customgeoip%3d%26vd%3d0%26cid%3d%26pe%3d%26saveQry%3d%26editorial%3d1%26t%3d0%26edoptin%3d,LOOKING FOR KINDNESS WILL WORK THANK YOU GOD BLESS NEED A MIRACLE CORINTHIANS 13,14
http://www.alamy.com/stock-photo-homeless-person-reads-a-book-while-panhandling-on-14th-street-in-new-35152545.html?pv=1&stamp=2&imageid=2300428A-CD2B-4D8F-915F-756CCB73950D&p=21612&n=407&orientation=0&pn=1&searchtype=0&IsFromSearch=1&srch=foo%3dbar%26st%3d0%26sortby%3d2%26qt%3dhomeless%2520in%2520new%2520york%26qt_raw%3dhomeless%2520in%2520new%2520york%26qn%3d%26lic%3d3%26mr%3d0%26pr%3d0%26aoa%3d1%26creative%3d%26videos%3d%26nu%3d%26ccc%3d%26bespoke%3d%26apalib%3d%26ag%3d0%26hc%3d0%26et%3d0x000000000000000000000%26vp%3d0%26loc%3d0%26ot%3d0%26imgt%3d0%26dtfr%3d%26dtto%3d%26size%3d0xFF%26blackwhite%3d%26cutout%3d%26archive%3d1%26name%3d%26groupid%3d%26pseudoid%3d%26userid%3d%26id%3d%26a%3d%26xstx%3d0%26cbstore%3d0%26lightbox%3d%26resultview%3dsortbyPopular%26gname%3d%26gtype%3d%26apalic%3d%26tbar%3d1%26pc%3d%26simid%3d%26cap%3d1%26customgeoip%3d%26vd%3d0%26cid%3d%26pe%3d%26saveQry%3d%26editorial%3d1%26t%3d0%26edoptin%3d,"NEED A LITTLE KINDNESS! HOMELESS, COLD AND BROKE HAVING A VERY HARD TIME OUT HERE SOMEONE STOLE ALL MY BLANKETS I NEED $18 MORE FOR A NEW SLEEPING BAG THANK YOU AND GOD BLESS PLEASE HELP!!! ITS VERY COLD OUT HERE AT NIGHT",43
http://www.alamy.com/stock-photo-homeless-person-at-his-encampment-on-5th-avenue-in-midtown-manhattan-96595240.html?pv=1&stamp=2&imageid=0032490A-3792-41A0-9B37-55DB4346EEAD&p=21612&n=468&orientation=0&pn=1&searchtype=0&IsFromSearch=1&srch=foo%3dbar%26st%3d0%26sortby%3d2%26qt%3dhomeless%2520in%2520new%2520york%26qt_raw%3dhomeless%2520in%2520new%2520york%26qn%3d%26lic%3d3%26mr%3d0%26pr%3d0%26aoa%3d1%26creative%3d%26videos%3d%26nu%3d%26ccc%3d%26bespoke%3d%26apalib%3d%26ag%3d0%26hc%3d0%26et%3d0x000000000000000000000%26vp%3d0%26loc%3d0%26ot%3d0%26imgt%3d0%26dtfr%3d%26dtto%3d%26size%3d0xFF%26blackwhite%3d%26cutout%3d%26archive%3d1%26name%3d%26groupid%3d%26pseudoid%3d%26userid%3d%26id%3d%26a%3d%26xstx%3d0%26cbstore%3d0%26lightbox%3d%26resultview%3dsortbyPopular%26gname%3d%26gtype%3d%26apalic%3d%26tbar%3d1%26pc%3d%26simid%3d%26cap%3d1%26customgeoip%3d%26vd%3d0%26cid%3d%26pe%3d%26saveQry%3d%26editorial%3d1%26t%3d0%26edoptin%3d,TO THE POS WHO STOLE FROM US YOU TOOK AWAY OUR ROOM WE SAVED FOR WEEKS I WILL PRAY FOR YOU,21
http://www.alamy.com/stock-photo-homeless-person-at-his-encampment-on-5th-avenue-in-midtown-manhattan-96595240.html?pv=1&stamp=2&imageid=0032490A-3792-41A0-9B37-55DB4346EEAD&p=21612&n=468&orientation=0&pn=1&searchtype=0&IsFromSearch=1&srch=foo%3dbar%26st%3d0%26sortby%3d2%26qt%3dhomeless%2520in%2520new%2520york%26qt_raw%3dhomeless%2520in%2520new%2520york%26qn%3d%26lic%3d3%26mr%3d0%26pr%3d0%26aoa%3d1%26creative%3d%26videos%3d%26nu%3d%26ccc%3d%26bespoke%3d%26apalib%3d%26ag%3d0%26hc%3d0%26et%3d0x000000000000000000000%26vp%3d0%26loc%3d0%26ot%3d0%26imgt%3d0%26dtfr%3d%26dtto%3d%26size%3d0xFF%26blackwhite%3d%26cutout%3d%26archive%3d1%26name%3d%26groupid%3d%26pseudoid%3d%26userid%3d%26id%3d%26a%3d%26xstx%3d0%26cbstore%3d0%26lightbox%3d%26resultview%3dsortbyPopular%26gname%3d%26gtype%3d%26apalic%3d%26tbar%3d1%26pc%3d%26simid%3d%26cap%3d1%26customgeoip%3d%26vd%3d0%26cid%3d%26pe%3d%26saveQry%3d%26editorial%3d1%26t%3d0%26edoptin%3d,PLEASE HELP SOMEONE-ANYONE GOD BLESS,5
http://www.alamy.com/stock-photo-homeless-person-at-his-encampment-on-5th-avenue-in-midtown-manhattan-96595240.html?pv=1&stamp=2&imageid=0032490A-3792-41A0-9B37-55DB4346EEAD&p=21612&n=468&orientation=0&pn=1&searchtype=0&IsFromSearch=1&srch=foo%3dbar%26st%3d0%26sortby%3d2%26qt%3dhomeless%2520in%2520new%2520york%26qt_raw%3dhomeless%2520in%2520new%2520york%26qn%3d%26lic%3d3%26mr%3d0%26pr%3d0%26aoa%3d1%26creative%3d%26videos%3d%26nu%3d%26ccc%3d%26bespoke%3d%26apalib%3d%26ag%3d0%26hc%3d0%26et%3d0x000000000000000000000%26vp%3d0%26loc%3d0%26ot%3d0%26imgt%3d0%26dtfr%3d%26dtto%3d%26size%3d0xFF%26blackwhite%3d%26cutout%3d%26archive%3d1%26name%3d%26groupid%3d%26pseudoid%3d%26userid%3d%26id%3d%26a%3d%26xstx%3d0%26cbstore%3d0%26lightbox%3d%26resultview%3dsortbyPopular%26gname%3d%26gtype%3d%26apalic%3d%26tbar%3d1%26pc%3d%26simid%3d%26cap%3d1%26customgeoip%3d%26vd%3d0%26cid%3d%26pe%3d%26saveQry%3d%26editorial%3d1%26t%3d0%26edoptin%3d,JUST TRYING TO SURVIVE ANYTHING WILL HELP TRYING TO RAISE ENOUGH MONEY TO GET A ROOM GET MY WIFE AND MYSELF OUT OF THE COLD PLEASE WEVE BEEN THROUGH SO MUCH GOD BLESS,33
http://www.alamy.com/stock-photo-homeless-person-at-his-encampment-on-5th-avenue-in-midtown-manhattan-96595240.html?pv=1&stamp=2&imageid=0032490A-3792-41A0-9B37-55DB4346EEAD&p=21612&n=468&orientation=0&pn=1&searchtype=0&IsFromSearch=1&srch=foo%3dbar%26st%3d0%26sortby%3d2%26qt%3dhomeless%2520in%2520new%2520york%26qt_raw%3dhomeless%2520in%2520new%2520york%26qn%3d%26lic%3d3%26mr%3d0%26pr%3d0%26aoa%3d1%26creative%3d%26videos%3d%26nu%3d%26ccc%3d%26bespoke%3d%26apalib%3d%26ag%3d0%26hc%3d0%26et%3d0x000000000000000000000%26vp%3d0%26loc%3d0%26ot%3d0%26imgt%3d0%26dtfr%3d%26dtto%3d%26size%3d0xFF%26blackwhite%3d%26cutout%3d%26archive%3d1%26name%3d%26groupid%3d%26pseudoid%3d%26userid%3d%26id%3d%26a%3d%26xstx%3d0%26cbstore%3d0%26lightbox%3d%26resultview%3dsortbyPopular%26gname%3d%26gtype%3d%26apalic%3d%26tbar%3d1%26pc%3d%26simid%3d%26cap%3d1%26customgeoip%3d%26vd%3d0%26cid%3d%26pe%3d%26saveQry%3d%26editorial%3d1%26t%3d0%26edoptin%3d,I HUMBLY ASK FOR A LIL HELP TRYING TO KEEP MY HEAD UP AND GET BACK ON MY FEET GOD BLESS,21
http://www.alamy.com/stock-photo-homeless-marine-corps-veteran-on-the-street-in-new-york-city-106315086.html?pv=1&stamp=2&imageid=C8202087-520F-4B79-9330-43269E764DC1&p=21612&n=275&orientation=0&pn=1&searchtype=0&IsFromSearch=1&srch=foo%3dbar%26st%3d0%26sortby%3d2%26qt%3dhomeless%2520in%2520new%2520york%26qt_raw%3dhomeless%2520in%2520new%2520york%26qn%3d%26lic%3d3%26mr%3d0%26pr%3d0%26aoa%3d1%26creative%3d%26videos%3d%26nu%3d%26ccc%3d%26bespoke%3d%26apalib%3d%26ag%3d0%26hc%3d0%26et%3d0x000000000000000000000%26vp%3d0%26loc%3d0%26ot%3d0%26imgt%3d0%26dtfr%3d%26dtto%3d%26size%3d0xFF%26blackwhite%3d%26cutout%3d%26archive%3d1%26name%3d%26groupid%3d%26pseudoid%3d%26userid%3d%26id%3d%26a%3d%26xstx%3d0%26cbstore%3d0%26lightbox%3d%26resultview%3dsortbyPopular%26gname%3d%26gtype%3d%26apalic%3d%26tbar%3d1%26pc%3d%26simid%3d%26cap%3d1%26customgeoip%3d%26vd%3d0%26cid%3d%26pe%3d%26saveQry%3d%26editorial%3d1%26t%3d0%26edoptin%3d,HOMELESS VETERAN MARINE CORPS PLEASE HELP SEMPER FI,8
http://www.alamy.com/stock-photo-homeless-man-sleeps-on-the-sidewalk-with-his-belongings-on-madison-21196266.html?pv=1&stamp=2&imageid=5CB38117-2FFB-460B-9F50-4329C9A708B5&p=21612&n=439&orientation=0&pn=1&searchtype=0&IsFromSearch=1&srch=foo%3dbar%26st%3d0%26sortby%3d2%26qt%3dhomeless%2520in%2520new%2520york%26qt_raw%3dhomeless%2520in%2520new%2520york%26qn%3d%26lic%3d3%26mr%3d0%26pr%3d0%26aoa%3d1%26creative%3d%26videos%3d%26nu%3d%26ccc%3d%26bespoke%3d%26apalib%3d%26ag%3d0%26hc%3d0%26et%3d0x000000000000000000000%26vp%3d0%26loc%3d0%26ot%3d0%26imgt%3d0%26dtfr%3d%26dtto%3d%26size%3d0xFF%26blackwhite%3d%26cutout%3d%26archive%3d1%26name%3d%26groupid%3d%26pseudoid%3d%26userid%3d%26id%3d%26a%3d%26xstx%3d0%26cbstore%3d0%26lightbox%3d%26resultview%3dsortbyPopular%26gname%3d%26gtype%3d%26apalic%3d%26tbar%3d1%26pc%3d%26simid%3d%26cap%3d1%26customgeoip%3d%26vd%3d0%26cid%3d%26pe%3d%26saveQry%3d%26editorial%3d1%26t%3d0%26edoptin%3d,PLEASE HELP MY DAD PASSED AWAY ON FRIDAY I AM TRYING TO GET HOME FOR THE FUNERAL AND TO BE WITH FAMILY I ONLY NEED $36 MORE FOR A BUS TICKET $18 MAYBE,33
http://www.alamy.com/stock-photo-homeless-man-sleeping-in-subway-entranceexit-rockefeller-center-new-37530587.html?pv=1&stamp=2&imageid=82FABC53-C1C1-47E3-AC5E-391F42C9B757&p=21612&n=395&orientation=0&pn=1&searchtype=0&IsFromSearch=1&srch=foo%3dbar%26st%3d0%26sortby%3d2%26qt%3dhomeless%2520in%2520new%2520york%26qt_raw%3dhomeless%2520in%2520new%2520york%26qn%3d%26lic%3d3%26mr%3d0%26pr%3d0%26aoa%3d1%26creative%3d%26videos%3d%26nu%3d%26ccc%3d%26bespoke%3d%26apalib%3d%26ag%3d0%26hc%3d0%26et%3d0x000000000000000000000%26vp%3d0%26loc%3d0%26ot%3d0%26imgt%3d0%26dtfr%3d%26dtto%3d%26size%3d0xFF%26blackwhite%3d%26cutout%3d%26archive%3d1%26name%3d%26groupid%3d%26pseudoid%3d%26userid%3d%26id%3d%26a%3d%26xstx%3d0%26cbstore%3d0%26lightbox%3d%26resultview%3dsortbyPopular%26gname%3d%26gtype%3d%26apalic%3d%26tbar%3d1%26pc%3d%26simid%3d%26cap%3d1%26customgeoip%3d%26vd%3d0%26cid%3d%26pe%3d%26saveQry%3d%26editorial%3d1%26t%3d0%26edoptin%3d,PLEASE HELP. THANK YOU,4
http://www.alamy.com/stock-photo-homeless-man-sitting-on-pavement-in-new-york-city-usa-35621340.html,HOMELESS AND HUNGRY EVERYTHING HELPS!,5
http://www.alamy.com/stock-photo-homeless-man-on-lexington-avenue-in-the-evening-in-nyc-34675661.html?pv=1&stamp=2&imageid=B56CB9F4-9EA2-4161-85AC-C17D08FA8D02&p=21612&n=557&orientation=0&pn=1&searchtype=0&IsFromSearch=1&srch=foo%3dbar%26st%3d0%26sortby%3d2%26qt%3dhomeless%2520in%2520new%2520york%26qt_raw%3dhomeless%2520in%2520new%2520york%26qn%3d%26lic%3d3%26mr%3d0%26pr%3d0%26aoa%3d1%26creative%3d%26videos%3d%26nu%3d%26ccc%3d%26bespoke%3d%26apalib%3d%26ag%3d0%26hc%3d0%26et%3d0x000000000000000000000%26vp%3d0%26loc%3d0%26ot%3d0%26imgt%3d0%26dtfr%3d%26dtto%3d%26size%3d0xFF%26blackwhite%3d%26cutout%3d%26archive%3d1%26name%3d%26groupid%3d%26pseudoid%3d%26userid%3d%26id%3d%26a%3d%26xstx%3d0%26cbstore%3d0%26lightbox%3d%26resultview%3dsortbyPopular%26gname%3d%26gtype%3d%26apalic%3d%26tbar%3d1%26pc%3d%26simid%3d%26cap%3d1%26customgeoip%3d%26vd%3d0%26cid%3d%26pe%3d%26saveQry%3d%26editorial%3d1%26t%3d0%26edoptin%3d,"HOMELESS PLEASE HELP, LIVING ON THE STREETS, I HAVE NO ONE IN NY ALONE, HUNGRY AND BROKE NEED FOOD CLOTHES SPARE CHANGE",22
http://www.alamy.com/stock-photo-homeless-man-in-manhattan-new-york-city-27329397.html,"HOMELESS I LIVE AND SLEEP ON THE STREETS I HAVE NO ONE, ALONE IN THE WORLD PLEASE HELP OUT OF WORK HAVE A WONDERFUL, HEALTHY, SAFE HAPPY HOLIDAY PLEASE HELP WITH A HOT DOG STARVING",35
http://www.alamy.com/stock-photo-homeless-man-begging-along-5th-avenue-in-manhattan-nyc-67011380.html?pv=1&stamp=2&imageid=97366499-2ADE-46A6-9D5A-09D091DB99DE&p=21612&n=511&orientation=0&pn=1&searchtype=0&IsFromSearch=1&srch=foo%3dbar%26st%3d0%26sortby%3d2%26qt%3dhomeless%2520in%2520new%2520york%26qt_raw%3dhomeless%2520in%2520new%2520york%26qn%3d%26lic%3d3%26mr%3d0%26pr%3d0%26aoa%3d1%26creative%3d%26videos%3d%26nu%3d%26ccc%3d%26bespoke%3d%26apalib%3d%26ag%3d0%26hc%3d0%26et%3d0x000000000000000000000%26vp%3d0%26loc%3d0%26ot%3d0%26imgt%3d0%26dtfr%3d%26dtto%3d%26size%3d0xFF%26blackwhite%3d%26cutout%3d%26archive%3d1%26name%3d%26groupid%3d%26pseudoid%3d%26userid%3d%26id%3d%26a%3d%26xstx%3d0%26cbstore%3d0%26lightbox%3d%26resultview%3dsortbyPopular%26gname%3d%26gtype%3d%26apalic%3d%26tbar%3d1%26pc%3d%26simid%3d%26cap%3d1%26customgeoip%3d%26vd%3d0%26cid%3d%26pe%3d%26saveQry%3d%26editorial%3d1%26t%3d0%26edoptin%3d,HAVING A ROUGH TIME PLEASE!!! HELP US OUT THANK YOU,10
http://www.alamy.com/stock-photo-homeless-man-asleep-in-chinatown-new-york-31107285.html,HOMELESS HUNGRY PLEASE HELP,4
http://www.alamy.com/stock-photo-homeless-man-asking-for-help-manhattan-ny-usa-21004448.html?pv=1&stamp=2&imageid=DDC57CAC-9E44-4AC6-9014-282195053F21&p=53678&n=129&orientation=0&pn=1&searchtype=0&IsFromSearch=1&srch=foo%3dbar%26st%3d0%26sortby%3d2%26qt%3dhomeless%2520in%2520new%2520york%26qt_raw%3dhomeless%2520in%2520new%2520york%26qn%3d%26lic%3d3%26mr%3d0%26pr%3d0%26aoa%3d1%26creative%3d%26videos%3d%26nu%3d%26ccc%3d%26bespoke%3d%26apalib%3d%26ag%3d0%26hc%3d0%26et%3d0x000000000000000000000%26vp%3d0%26loc%3d0%26ot%3d0%26imgt%3d0%26dtfr%3d%26dtto%3d%26size%3d0xFF%26blackwhite%3d%26cutout%3d%26archive%3d1%26name%3d%26groupid%3d%26pseudoid%3d%26userid%3d%26id%3d%26a%3d%26xstx%3d0%26cbstore%3d0%26lightbox%3d%26resultview%3dsortbyPopular%26gname%3d%26gtype%3d%26apalic%3d%26tbar%3d1%26pc%3d%26simid%3d%26cap%3d1%26customgeoip%3d%26vd%3d0%26cid%3d%26pe%3d%26saveQry%3d%26editorial%3d1%26t%3d0%26edoptin%3d,HOMELESS PLEASE HELP WITH FOOD OR SPARE CHANGE. SLEEPING IN THE STREET. I HAVE NO ONE TO TURN TO FOR HELP IN NY. FAMILY OR FRIENDS THANK YOU,28
http://www.alamy.com/stock-photo-homeless-in-new-york-50796381.html,COLD! JUST WANT TO GO HOME PLEASE HELP,8
http://www.alamy.com/stock-photo-homeless-army-veteran-down-and-out-on-the-street-in-manhattan-new-75483887.html?pv=1&stamp=2&imageid=6C3266EA-A0E3-4009-8CA4-576B152350B4&p=21612&n=321&orientation=0&pn=1&searchtype=0&IsFromSearch=1&srch=foo%3dbar%26st%3d0%26sortby%3d2%26qt%3dhomeless%2520in%2520new%2520york%26qt_raw%3dhomeless%2520in%2520new%2520york%26qn%3d%26lic%3d3%26mr%3d0%26pr%3d0%26aoa%3d1%26creative%3d%26videos%3d%26nu%3d%26ccc%3d%26bespoke%3d%26apalib%3d%26ag%3d0%26hc%3d0%26et%3d0x000000000000000000000%26vp%3d0%26loc%3d0%26ot%3d0%26imgt%3d0%26dtfr%3d%26dtto%3d%26size%3d0xFF%26blackwhite%3d%26cutout%3d%26archive%3d1%26name%3d%26groupid%3d%26pseudoid%3d%26userid%3d%26id%3d%26a%3d%26xstx%3d0%26cbstore%3d0%26lightbox%3d%26resultview%3dsortbyPopular%26gname%3d%26gtype%3d%26apalic%3d%26tbar%3d1%26pc%3d%26simid%3d%26cap%3d1%26customgeoip%3d%26vd%3d0%26cid%3d%26pe%3d%26saveQry%3d%26editorial%3d1%26t%3d0%26edoptin%3d,"PLEASE READ HOMELESS VETERAN, OUT OF WORK, WILL WORK CHEAP NOW I'M A PLUMBER, PLEASE JUST NEED A SHOT TO MAKE A DIFFERENCE PLEASE HELP ANY DONATION OLD BLANKET OLD CLOTHES OLD BOOTS I'M A HARD WORKER PLEASE HELP ME MAKE A DIFFERENCE NOT LAZY  PLEASE NEED COFFEE I'M REALLY SORRY",51
http://www.alamy.com/stock-photo-homeless-african-american-us-veteran-sitting-in-wheelchair-begging-51311013.html?pv=1&stamp=2&imageid=72F34C7A-BF3C-4E07-9042-7BAC34C622C3&p=68130&n=156&orientation=0&pn=1&searchtype=0&IsFromSearch=1&srch=foo%3dbar%26st%3d0%26sortby%3d2%26qt%3dhomeless%2520in%2520new%2520york%26qt_raw%3dhomeless%2520in%2520new%2520york%26qn%3d%26lic%3d3%26mr%3d0%26pr%3d0%26aoa%3d1%26creative%3d%26videos%3d%26nu%3d%26ccc%3d%26bespoke%3d%26apalib%3d%26ag%3d0%26hc%3d0%26et%3d0x000000000000000000000%26vp%3d0%26loc%3d0%26ot%3d0%26imgt%3d0%26dtfr%3d%26dtto%3d%26size%3d0xFF%26blackwhite%3d%26cutout%3d%26archive%3d1%26name%3d%26groupid%3d%26pseudoid%3d%26userid%3d%26id%3d%26a%3d%26xstx%3d0%26cbstore%3d0%26lightbox%3d%26resultview%3dsortbyPopular%26gname%3d%26gtype%3d%26apalic%3d%26tbar%3d1%26pc%3d%26simid%3d%26cap%3d1%26customgeoip%3d%26vd%3d0%26cid%3d%26pe%3d%26saveQry%3d%26editorial%3d1%26t%3d0%26edoptin%3d,I AM HOMELESS PLEASE HELP U.S. VET,7
http://www.alamy.com/stock-photo-epa04951475-a-homeless-man-sits-on-the-sidewalk-as-parishioners-walk-87997827.html?pv=1&stamp=2&imageid=AB7FB280-8F29-4B9F-A69C-F2D7788A6C49&p=149427&n=627&orientation=0&pn=1&searchtype=0&IsFromSearch=1&srch=foo%3dbar%26st%3d0%26sortby%3d2%26qt%3dhomeless%2520in%2520new%2520york%26qt_raw%3dhomeless%2520in%2520new%2520york%26qn%3d%26lic%3d3%26mr%3d0%26pr%3d0%26aoa%3d1%26creative%3d%26videos%3d%26nu%3d%26ccc%3d%26bespoke%3d%26apalib%3d%26ag%3d0%26hc%3d0%26et%3d0x000000000000000000000%26vp%3d0%26loc%3d0%26ot%3d0%26imgt%3d0%26dtfr%3d%26dtto%3d%26size%3d0xFF%26blackwhite%3d%26cutout%3d%26archive%3d1%26name%3d%26groupid%3d%26pseudoid%3d%26userid%3d%26id%3d%26a%3d%26xstx%3d0%26cbstore%3d0%26lightbox%3d%26resultview%3dsortbyPopular%26gname%3d%26gtype%3d%26apalic%3d%26tbar%3d1%26pc%3d%26simid%3d%26cap%3d1%26customgeoip%3d%26vd%3d0%26cid%3d%26pe%3d%26saveQry%3d%26editorial%3d1%26t%3d0%26edoptin%3d,THAT WHICH YOU DO TO THE LEAST OF MY BROTHERS YOU DO UNTO ME. THIS LOWLY BROTHER REALLY NEEDS HELP WHILE I GET MY LIFE BACK. THANK YOU AND GOD BLESS,31
http://www.alamy.com/stock-photo-epa04263269-a-homeless-man-who-did-not-want-to-identified-sits-on-70501255.html?pv=1&stamp=2&imageid=BA336A18-1FC0-4F0A-BFBB-563FB234BAFA&p=149427&n=803&orientation=0&pn=1&searchtype=0&IsFromSearch=1&srch=foo%3dbar%26st%3d0%26sortby%3d2%26qt%3dhomeless%2520in%2520new%2520york%26qt_raw%3dhomeless%2520in%2520new%2520york%26qn%3d%26lic%3d3%26mr%3d0%26pr%3d0%26aoa%3d1%26creative%3d%26videos%3d%26nu%3d%26ccc%3d%26bespoke%3d%26apalib%3d%26ag%3d0%26hc%3d0%26et%3d0x000000000000000000000%26vp%3d0%26loc%3d0%26ot%3d0%26imgt%3d0%26dtfr%3d%26dtto%3d%26size%3d0xFF%26blackwhite%3d%26cutout%3d%26archive%3d1%26name%3d%26groupid%3d%26pseudoid%3d%26userid%3d%26id%3d%26a%3d%26xstx%3d0%26cbstore%3d0%26lightbox%3d%26resultview%3dsortbyPopular%26gname%3d%26gtype%3d%26apalic%3d%26tbar%3d1%26pc%3d%26simid%3d%26cap%3d1%26customgeoip%3d%26vd%3d0%26cid%3d%26pe%3d%26saveQry%3d%26editorial%3d1%26t%3d0%26edoptin%3d,PLEASE HELP THANK YOU,4
http://www.alamy.com/stock-photo-epa04006767-a-homeless-man-seeks-shelter-under-an-umbrella-as-he-sits-65091304.html?pv=1&stamp=2&imageid=E5B2DC53-00A1-42B2-8B96-AF4537280F46&p=149427&n=823&orientation=0&pn=1&searchtype=0&IsFromSearch=1&srch=foo%3dbar%26st%3d0%26sortby%3d2%26qt%3dhomeless%2520in%2520new%2520york%26qt_raw%3dhomeless%2520in%2520new%2520york%26qn%3d%26lic%3d3%26mr%3d0%26pr%3d0%26aoa%3d1%26creative%3d%26videos%3d%26nu%3d%26ccc%3d%26bespoke%3d%26apalib%3d%26ag%3d0%26hc%3d0%26et%3d0x000000000000000000000%26vp%3d0%26loc%3d0%26ot%3d0%26imgt%3d0%26dtfr%3d%26dtto%3d%26size%3d0xFF%26blackwhite%3d%26cutout%3d%26archive%3d1%26name%3d%26groupid%3d%26pseudoid%3d%26userid%3d%26id%3d%26a%3d%26xstx%3d0%26cbstore%3d0%26lightbox%3d%26resultview%3dsortbyPopular%26gname%3d%26gtype%3d%26apalic%3d%26tbar%3d1%26pc%3d%26simid%3d%26cap%3d1%26customgeoip%3d%26vd%3d0%26cid%3d%26pe%3d%26saveQry%3d%26editorial%3d1%26t%3d0%26edoptin%3d,HOMELESS AND HUNGRY JUST TRYING TO RAISE $ FOR FOOD AND SODA! I DON'T DRINK OR DRUG! PLEASE HAPPY NEW YEAR!,21
http://www.alamy.com/stock-photo-down-and-out-us-marine-corp-veteran-begging-for-monetary-help-on-6th-50033679.html?pv=1&stamp=2&imageid=E3DD54F3-CF7A-46CB-AFA9-6553B07E8526&p=21612&n=537&orientation=0&pn=1&searchtype=0&IsFromSearch=1&srch=foo%3dbar%26st%3d0%26sortby%3d2%26qt%3dhomeless%2520in%2520new%2520york%26qt_raw%3dhomeless%2520in%2520new%2520york%26qn%3d%26lic%3d3%26mr%3d0%26pr%3d0%26aoa%3d1%26creative%3d%26videos%3d%26nu%3d%26ccc%3d%26bespoke%3d%26apalib%3d%26ag%3d0%26hc%3d0%26et%3d0x000000000000000000000%26vp%3d0%26loc%3d0%26ot%3d0%26imgt%3d0%26dtfr%3d%26dtto%3d%26size%3d0xFF%26blackwhite%3d%26cutout%3d%26archive%3d1%26name%3d%26groupid%3d%26pseudoid%3d%26userid%3d%26id%3d%26a%3d%26xstx%3d0%26cbstore%3d0%26lightbox%3d%26resultview%3dsortbyPopular%26gname%3d%26gtype%3d%26apalic%3d%26tbar%3d1%26pc%3d%26simid%3d%26cap%3d1%26customgeoip%3d%26vd%3d0%26cid%3d%26pe%3d%26saveQry%3d%26editorial%3d1%26t%3d0%26edoptin%3d,PLEASE HELP! A VET! SEMPER FIDELIS GOD BLESS YOU! USMC,10
http://www.alamy.com/stock-photo-beggar-in-times-square-new-york-city-usa-23276914.html?pv=1&stamp=2&imageid=BC192045-F89D-44C4-9830-418B7167C7E9&p=70608&n=108&orientation=0&pn=1&searchtype=0&IsFromSearch=1&srch=foo%3dbar%26st%3d0%26sortby%3d2%26qt%3dhomeless%2520in%2520new%2520york%26qt_raw%3dhomeless%2520in%2520new%2520york%26qn%3d%26lic%3d3%26mr%3d0%26pr%3d0%26aoa%3d1%26creative%3d%26videos%3d%26nu%3d%26ccc%3d%26bespoke%3d%26apalib%3d%26ag%3d0%26hc%3d0%26et%3d0x000000000000000000000%26vp%3d0%26loc%3d0%26ot%3d0%26imgt%3d0%26dtfr%3d%26dtto%3d%26size%3d0xFF%26blackwhite%3d%26cutout%3d%26archive%3d1%26name%3d%26groupid%3d%26pseudoid%3d%26userid%3d%26id%3d%26a%3d%26xstx%3d0%26cbstore%3d0%26lightbox%3d%26resultview%3dsortbyPopular%26gname%3d%26gtype%3d%26apalic%3d%26tbar%3d1%26pc%3d%26simid%3d%26cap%3d1%26customgeoip%3d%26vd%3d0%26cid%3d%26pe%3d%26saveQry%3d%26editorial%3d1%26t%3d0%26edoptin%3d,CAN I HAVE A BEER MAN ME TOO PLEASE,9
http://www.alamy.com/stock-photo-beggar-in-new-york-city-94163160.html?pv=1&stamp=2&imageid=33186421-42D6-49FD-9B4E-5D6DE50026E3&p=214528&n=197&orientation=0&pn=1&searchtype=0&IsFromSearch=1&srch=foo%3dbar%26st%3d0%26sortby%3d2%26qt%3dhomeless%2520in%2520new%2520york%26qt_raw%3dhomeless%2520in%2520new%2520york%26qn%3d%26lic%3d3%26mr%3d0%26pr%3d0%26aoa%3d1%26creative%3d%26videos%3d%26nu%3d%26ccc%3d%26bespoke%3d%26apalib%3d%26ag%3d0%26hc%3d0%26et%3d0x000000000000000000000%26vp%3d0%26loc%3d0%26ot%3d0%26imgt%3d0%26dtfr%3d%26dtto%3d%26size%3d0xFF%26blackwhite%3d%26cutout%3d%26archive%3d1%26name%3d%26groupid%3d%26pseudoid%3d%26userid%3d%26id%3d%26a%3d%26xstx%3d0%26cbstore%3d0%26lightbox%3d%26resultview%3dsortbyPopular%26gname%3d%26gtype%3d%26apalic%3d%26tbar%3d1%26pc%3d%26simid%3d%26cap%3d1%26customgeoip%3d%26vd%3d0%26cid%3d%26pe%3d%26saveQry%3d%26editorial%3d1%26t%3d0%26edoptin%3d,HUSBAND DIED NO INSURANCE LOST EVERYTHING HOMELESS CAN YOU HELP GOD BLESS HAPPY THANKSGIVING,14
http://www.alamy.com/stock-photo-a-woman-and-her-dog-seek-money-while-sitting-on-the-sidewalk-in-new-48369450.html,MY DOG COMES FIRST ANYTHING HELPS WE ARE HOMELESS,9
http://www.alamy.com/stock-photo-a-panhandler-with-a-sign-wanting-money-in-times-square-new-york-usa-56022476.html,HELP! I NEED MONEY FOR WEED!,6
http://www.alamy.com/stock-photo-a-panhandler-with-a-sign-wanting-money-in-times-square-new-york-usa-56022458.html,"SPARE CHANGE FOR POT, PIZZA AND BEER",7
http://www.alamy.com/stock-photo-a-homeless-young-man-huddled-in-a-blanket-on-a-cold-sidewalk-60442617.html?pv=1&stamp=2&imageid=EFB70AB8-4D45-4AD4-B8E6-32EAB505A2BB&p=63950&n=149&orientation=0&pn=1&searchtype=0&IsFromSearch=1&srch=foo%3dbar%26st%3d0%26sortby%3d2%26qt%3dhomeless%2520in%2520new%2520york%26qt_raw%3dhomeless%2520in%2520new%2520york%26qn%3d%26lic%3d3%26mr%3d0%26pr%3d0%26aoa%3d1%26creative%3d%26videos%3d%26nu%3d%26ccc%3d%26bespoke%3d%26apalib%3d%26ag%3d0%26hc%3d0%26et%3d0x000000000000000000000%26vp%3d0%26loc%3d0%26ot%3d0%26imgt%3d0%26dtfr%3d%26dtto%3d%26size%3d0xFF%26blackwhite%3d%26cutout%3d%26archive%3d1%26name%3d%26groupid%3d%26pseudoid%3d%26userid%3d%26id%3d%26a%3d%26xstx%3d0%26cbstore%3d0%26lightbox%3d%26resultview%3dsortbyPopular%26gname%3d%26gtype%3d%26apalic%3d%26tbar%3d1%26pc%3d%26simid%3d%26cap%3d1%26customgeoip%3d%26vd%3d0%26cid%3d%26pe%3d%26saveQry%3d%26editorial%3d1%26t%3d0%26edoptin%3d,LOST MY JOB... NOW HOMELESS ALL HELP IS GREATLY APPRECIATED,10
http://www.alamy.com/stock-photo-a-homeless-woman-begs-at-the-side-of-a-street-in-new-york-is-pictured-56029028.html?pv=1&stamp=2&imageid=C745105E-9693-4A00-A5B9-DFD0A03AFDF9&p=173981&n=680&orientation=0&pn=1&searchtype=0&IsFromSearch=1&srch=foo%3dbar%26st%3d0%26sortby%3d2%26qt%3dhomeless%2520in%2520new%2520york%26qt_raw%3dhomeless%2520in%2520new%2520york%26qn%3d%26lic%3d3%26mr%3d0%26pr%3d0%26aoa%3d1%26creative%3d%26videos%3d%26nu%3d%26ccc%3d%26bespoke%3d%26apalib%3d%26ag%3d0%26hc%3d0%26et%3d0x000000000000000000000%26vp%3d0%26loc%3d0%26ot%3d0%26imgt%3d0%26dtfr%3d%26dtto%3d%26size%3d0xFF%26blackwhite%3d%26cutout%3d%26archive%3d1%26name%3d%26groupid%3d%26pseudoid%3d%26userid%3d%26id%3d%26a%3d%26xstx%3d0%26cbstore%3d0%26lightbox%3d%26resultview%3dsortbyPopular%26gname%3d%26gtype%3d%26apalic%3d%26tbar%3d1%26pc%3d%26simid%3d%26cap%3d1%26customgeoip%3d%26vd%3d0%26cid%3d%26pe%3d%26saveQry%3d%26editorial%3d1%26t%3d0%26edoptin%3d,PREGNANT AND HOMELESS PLEASE HELP THANK YOU,7
http://www.alamy.com/stock-photo-a-homeless-man-with-hand-written-sign-begging-on-the-street-in-nyc-60255641.html,ALL I WANNA DO IS GO HOME PLEASE HELP! I AM TRYING TO GET A BUS TICKET TO EASTON P.A. I AM $28.00 SHORT. PLEASE ANYTHING HELPS. MY BROTHER IS GIVING ME A 2ND CHANCE. I JUST HAVE TO GET THERE! THANK YOU GOD BLESS,45
http://observer.com/2016/03/hungry-for-leadership-no-longer/,HOMELESS HUNGRY PLEASE HELP THANK YOU GOD BLESS,8
http://nychomelessness.weebly.com/uploads/4/0/6/8/40687651/3782392_orig.jpg,HOMELESS VETERAN VERY SICK WITH LIVER DAMAGE LOST JOB AFTER 21 YEARS PLEASE HELP GOD BLESS YOU.,17
http://joelgordon.photoshelter.com/image/I00000W1AxHXyq6I,NO STEREOTYPING TRYING TO LIVE,5
http://joelgordon.photoshelter.com/gallery-image/Homeless-of-Orlando-New-York-City-Atlantic-City/G0000bs8Ag_rQXWg/I0000Uc1PekJZJqY,HOMELESS SICK HIV AND HEP C MEDICAID IS PENDING MUST PAY CASH FOR MEDS PLEASE HELP,16
http://joelgordon.photoshelter.com/gallery-image/Homeless-of-Orlando-New-York-City-Atlantic-City/G0000bs8Ag_rQXWg/I0000HQuTvd7eGvU,HOMELESS PLEASE HELP!!!! GOD BLESS YOU FOR YOUR KINDNESS,9
http://joelgordon.photoshelter.com/gallery-image/Homeless-of-Orlando-New-York-City-Atlantic-City/G0000bs8Ag_rQXWg/I0000eP3bZxsTAUk,"HOMELESS, VERY LONELY HUNGRY AND BROKE PLEASE HELP THANK YOU AND GOD BLESS",13
http://joelgordon.photoshelter.com/gallery-image/Homeless-of-Orlando-New-York-City-Atlantic-City/G0000bs8Ag_rQXWg/I0000ak5AlyrzS10,"PLEASE HELP! LOST EVERYTHING 4 YEAR OLD SON, MOTHER, ROOMATE, ETC. ANYTHING YOU CAN SPARE WILL BE A BLESSING THANKS",20
http://joelgordon.photoshelter.com/gallery-image/Homeless-of-Orlando-New-York-City-Atlantic-City/G0000bs8Ag_rQXWg/I000074dVNWTw6dU,HOMELESS VET PLEASE HELP THANK YOU GOD BLESS YOU,9
http://joelgordon.photoshelter.com/gallery-image/Homeless-of-Orlando-New-York-City-Atlantic-City/G0000bs8Ag_rQXWg/I0000_KnKGKIFsk8,HOMELESS PLEASE HELP!,3
http://cityroom.blogs.nytimes.com/2008/03/12/theres-change-and-theres-change/?_r=0,I NEED ONLY $4300 SO I CAN MEET A NICE GIRL LIKE OUR GOVERNOR SPITZER,15
http://cdn.c.photoshelter.com/img-get2/I0000eP3bZxsTAUk/fit=1000x750/Homeless-NYC-GOR-41712-07.jpg,HOMELESS VERY LONELY HUNGRY AND BROKE PLEASE HELP THANK YOU AND GOD BLESS,13